start	end	text
0	4480	Bon, les gars, c'est bon, ça y est, c'est rayé, c'est le moment pub, ça y est, on a percé.
4740	6620	T'es enfin compris dans une salle de plus de 12 ?
6620	8920	Ferme-la, non, j'ai trouvé un sponsor.
9340	11620	Mais qu'est-ce que c'est ? Une marque de bière, un shampoing ?
11620	14240	Non, bien vu, mais non, NordVPN, les gars.
14580	16880	Oh, NordVPN, le VPN le plus connu d'Internet !
16880	19960	Ah, voilà, je savais, Franjo, que tu serais parfait pour les pubs, tu es fait pour ça.
20280	23280	Mais Urbain, enfin, à quoi ça peut bien servir un VPN ?
23280	24260	Excellente question, Pierre.
24400	27960	Un VPN permet de chiffrer toute son activité en ligne et donc de renforcer sa confidentialité,
27960	31320	et aussi de faire croire à son ordinateur qu'on n'est pas à l'endroit où on est en changeant d'adresse IP
31320	34700	et donc d'emplacement virtuel, comme quand je dis à ma meuf que je travaille alors qu'en fait, je suis au bar.
34920	39020	Donc, on peut contourner les géorestrictions et mater des films pas disponibles en France sur les catalogues de streaming.
39300	41100	Mais exactement, Franjo !
41100	43480	Et toi, Pierre, pourquoi utilises-tu le VPN ?
43480	45740	Ouais, moi, les pubs, je vous laisse faire, les gars, vous le faites très bien sans moi.
46000	46940	Franchement, t'as déjà été pas mal.
47020	51160	Avec le code promo PODKSSOS, P-O-D-K-S-S-O, ouais, PODKSSOS, quoi,
51200	52640	ou en passant directement par le lien en description,
52640	56320	vous avez 4 mois offerts pour un abonnement de 2 ans et vous pouvez résulier au bout de 30 jours,
56420	57240	si vous n'êtes pas satisfait.
57360	58380	Mais c'est super, ça !
58380	59380	Ouais, carrément !
59380	61340	Non, mais fais plus d'entrains, fais la voix de pub !
61340	63040	Ah oui, trop bien, la vie !
63040	63640	Voilà !
64300	65540	Bon, voilà, vous avez tous les renseignements.
65660	67120	Merci NordVPN de nous sponsoriser.
67220	68740	Maintenant, on est des vrais gars d'Internet.
68880	70440	Allez, arrête ! Même dans les pubs, tu parles trop.
70600	72740	C'est vrai que je parlais un peu beaucoup, mais j'aime bien.
74640	75240	Bonjour !
75240	76260	Allez, braquage !
76260	77860	Bienvenue dans PODKSSOS !
77860	78660	Ah le bâtard !
78660	80140	Je t'ai piqué la présentation !
80140	80880	Je t'ai pas vu venir !
82640	85960	Présenté par beaucoup d'éclectisme.
87400	88660	Urbain, Franjo, Pierre Thévenoux.
88740	89220	On donne les noms.
89420	90080	On donne les noms.
90880	92680	Bienvenue au nouveau, vous êtes de plus en plus nombreux.
92900	93620	Ça te fait pas bien.
93900	96440	J'entends ça quand j'écoute le Moskato Show, il dit tout le temps que vous êtes de plus en plus nombreux.
96520	97640	Je me dis, au bout d'un moment, ça doit s'arrêter.
98000	99780	Eh bien non, c'est vrai que vous êtes de plus en plus nombreux.
100020	104720	Je me disais, François, Joseph, Pierre et Urbain, on est quand même vraiment bien au niveau catho.
104880	106880	On est sur les apôtres.
107120	111800	Ouais, je pense que les gens, il y en a qui doivent être déçus, de se rendre compte qu'ils sont pas tous à droite.
111800	115520	D'ailleurs, je suis très déçu, Franjo.
116000	119660	On tourne en décalé, mais on est aujourd'hui le 19 décembre et tu ne m'as rien dit.
120480	121700	C'est ton anniversaire ?
121700	122000	Non.
122660	124040	C'est ton anniversaire ?
124040	125160	Non, je viens de le dire.
125300	126000	C'est la ceinture urbaine.
126200	127600	C'est la ceinture urbaine.
128600	130000	Ah ben là, tu viens de lancer un débat.
130860	131840	Vas-y, nazisme.
132020	135360	Les gens qui souhaitent les fêtes ou qui demandent qu'on souhaite leur fête pour des prénoms.
135360	139040	Poubelle, mort, fini, ça dégage la terre.
139200	143380	Et non, la France est encore un pays avec des valeurs chrétiennes et je vous demanderai de la respecter.
143560	144680	Je vous demanderai de la respecter.
144700	146640	Mais qui fait ça ?
146640	149020	C'est déjà ton anniversaire que en vrai, tu n'as même pas mérité.
149180	155460	Moi, j'ai eu un petit message de ma grand-mère, agrémentée d'une petite nouvelle, mais ça a commencé par Bonne Fête.
156060	156580	Bonne Fête urbaine.
156680	157360	Qui fait ?
157360	160040	Donc, il y a des gens qui souhaitent... Vous souhaitez les fêtes aux gens, vous ?
160040	161640	Moi, Joseph, ouais.
161640	164880	Oui, mais lui, il vient des Kivitas et tout.
165340	166800	Non, mais parce que Joseph, c'est super important.
167460	167820	Pourquoi ?
167820	169200	C'est quel jour, Joseph ?
169200	170840	Parce qu'il a fait un petit meuble et tout ?
170840	172020	Ouais, ouais, c'est...
172020	173920	Eh bien, c'est le 19 mars, il me semble.
175060	175800	Les gens, on te souhaitent...
175800	176800	Tu sais quoi, il te semble ?
176800	177460	Ouais, c'est ça, Joseph.
178180	180080	Il te semble, tu dis que c'est important, mais tu n'es pas sûr.
180360	181540	Non, parce que je ne suis jamais sûr.
181640	182860	Je n'ai jamais de certitude, je t'ai déjà dit.
183260	184300	Putain, tu as failli ton rasage.
184880	185760	Non, mais je n'ai pas rasé.
185760	186880	Tu as failli ton rasage, tu as un gros poil.
186880	187440	Je n'ai pas rasé.
187580	188240	Tu as un poil énorme.
188460	189840	Pourtant, moi, j'en ai partout, mais toi, ça ne va pas.
189900	190860	Ah non, moi, je n'ai pas rasé du tout.
190980	192480	Là, tu as rasé et là, tu as deux petits yeux.
192480	193660	Non, mais c'est pas rasé, c'est pour ça.
194000	195360	Regarde, tu vois bien que je ne suis pas rasé.
195480	196200	Donc, en fait, ça a poussé.
196500	198460	Ouais, mais c'est marrant parce que c'est vrai que tu as un gros trou
198460	200640	et là, tu as deux énormes cheveux.
200880	201380	Enlève, c'est dégueulasse.
201380	201700	Je ne suis pas rasé.
201800	203020	Pour un millionnaire, je ne sais pas.
203120	203760	Mais je m'en fous.
203940	206120	C'est un podcast, on est 7000.
206380	206620	Bonjour.
207300	208560	L'entretien, c'est important.
208580	209300	L'entretien, c'est pas.
209480	210620	7000, on est plus que 7000.
210700	211340	Pourquoi tu m'en fous ?
211340	212480	On est plus que 7000, en plus.
212620	215240	Ah oui, c'est plutôt en cumulé 25-30 000.
215700	218020	Oui, mais ceux qui regardent vraiment précisément...
218020	219120	Parce que les gens qui écoutent à la radio,
219200	220400	ils ne voient pas que Franjo est dégueulasse.
220560	221380	Je suis dégueulasse.
221400	222300	Qu'il a des mains de crocodile.
222800	223700	Non, ça finit.
223740	224860	Des fois, je suis tellement dégueu
224860	226220	qu'ils le voient à la radio.
227840	229300	Dès la radio, on arrive à capter.
229480	229960	Il y a une sale vague.
229980	230340	À la voix.
230640	231580	Là, les vaches, ça tient chaud.
231740	232420	Ça commence à se voir.
232420	234480	Putain, et d'ailleurs, j'ai fait une petite vidéo, là,
234880	236020	où je taquine un peu le pape.
236100	237060	Je pensais être assez débile
237060	238140	pour qu'ils ne le prennent pas premier degré.
238200	239180	Ils l'ont pris beaucoup premier degré.
239240	240580	Le pape, le pape a réagi ?
240580	241180	Pas le pape.
241260	242320	Le pape n'a pas encore réagi.
242500	244480	Mais surtout, j'ai les kato sur le dos.
245040	247800	Et mec, je prends des commentaires,
248000	250040	évidemment, beaucoup de prendre des douches et tout.
250160	251440	Mais surtout, il y a pas mal de...
251440	252100	Énormément.
252360	253140	Tu ressembles à Jésus.
253460	254600	Mais c'est ça qui est un truc de ouf.
254760	255640	C'est que ce qui est drôle,
255720	257480	il y a quand même un truc bizarre.
258720	259920	Le cliché du kato,
259920	261540	c'est un petit gars de droite,
261800	262560	tout bien rasé,
262720	264360	avec un foulard et une raie sur le côté,
264920	266280	qui adore un gars
266280	267680	qui ressemble à un punk à chien,
268040	268440	comme moi.
268840	270040	Et moi, ces gars-là,
270180	271040	m'insultent en disant
271040	271860	on va prendre des douches,
272000	272660	coupe-toi les cheveux,
272760	273900	alors que littéralement,
274320	275360	Jésus était un pauvre
275360	276700	avec une barbe et des cheveux longs
276700	277320	qui ressemblent à ça.
277340	278080	Oui, mais à l'époque aussi,
278160	279840	il n'y avait pas les petits soins,
279980	281060	les rojets cavallés,
281240	281740	c'est les douches et tout.
281740	282380	Non, mais des fois, c'est vrai
282380	285020	qu'il y a des peintures
285020	286820	où il a des vrais beaux cheveux
286820	287320	bien soyés,
287320	288180	que notre Jesus quand même.
288360	288620	C'est vrai.
288720	289400	De toute façon, il semblerait,
289480	290240	je ne veux pas lancer de grand débat,
290300	291200	il n'était pas white-white,
291340	292040	en théorie, Jésus.
292140	293160	S'il est né là-bas,
293300	294380	ou alors c'était vraiment un miracle.
294660	296140	Parce que s'il est né là où il est né,
296540	297360	à l'époque où il est né,
297520	298260	il y a très peu de chances
298260	298760	qu'il m'a ressenti.
298780	299140	J'en sais rien,
299220	299300	de toute façon,
299360	300380	on ne va pas lancer le débat.
300380	301000	Mais c'est pas ce débat là-bas.
301020	302340	Tu as fait une vidéo sur le pape, toi ?
302340	303080	Non, j'ai fait une vidéo.
303080	303600	Tout pour le buzz.
303980	304840	Alors, franchement,
305020	307680	j'ai pas fait une vidéo sur le pape.
307680	309600	J'ai fait une vidéo sur un truc spécifique
309600	310920	qui était qu'il y avait une news.
311360	312240	Là, il s'est tombé sur lui,
312480	314780	mais c'est souvent qu'il y a eu une catastrophe
314780	317740	et il y a eu des gens qui disent
317740	321100	j'envoie mon soutien moral aux victimes
321100	322320	et ça me rend ouf.
322320	323380	Ah, ça veut dire que je ne peux pas dire moi.
323640	324140	Oui, c'est ça.
324500	326780	En fait, qu'il l'ait dit, c'est normal,
326980	328120	il est politique, il est pape,
328140	329260	il doit le dire en lui tend un micro.
329400	330440	Qu'on en fasse une info,
330760	331440	que cette info,
331580	332580	et c'est ce qui m'avait scandalisé,
332980	334520	soit devant l'info
334520	336740	qui donnait les liens pour donner aux victimes,
336740	337680	me rendait ouf.
337780	338260	En fait, je me disais,
338300	340940	on était dans une branlette intellectuelle totale.
341260	342620	Il y a des gens qui disent
342620	344780	je soutiens moralement des gens
344780	345160	et on est là,
345280	347440	waouh, mais on va en faire une info.
347760	349100	Il les a soutenus moralement.
349240	349960	Si tu regardes bien.
350060	351460	Ça part direct en l'heure des pros.
351580	352660	Pourquoi ça a brillé comme ça ?
352660	353620	Non, mais si tu regardes bien,
354800	355740	c'est-à-dire qu'en gros,
355840	358620	tu négliges la valeur d'un média
358620	359340	et d'une promotion.
359480	360580	Quand quelqu'un parle d'un sujet,
360780	361540	ça a beaucoup de valeur,
361620	362520	peut-être plus que quelqu'un
362520	364020	qui met 5 euros dans une cagnotte.
364060	365300	Je pense que s'il dit...
365300	365680	Et le pape,
365680	366940	quand il parle d'un sujet,
367180	368120	ça a extrêmement de valeur.
368240	368760	Non, mais attends.
368880	369920	On parle de gens qui meurent.
370260	371460	Je pense que tu amoindris
371460	373200	vraiment l'impact de sa parole.
374000	374640	C'est terrible.
374780	375100	C'est-à-dire que tu n'as
375100	377920	non seulement pas compris les médias
377920	379460	et tu n'as pas compris aussi
379460	380500	la puissance de la parole du pape.
380500	381700	Mais j'ai compris la puissance
381700	382800	des médias et de la parole.
382980	383360	Et du coup...
383360	383780	Le soutien moral,
383860	384500	c'est énorme, je pense.
384600	385480	Mais c'est de la merde.
385720	386260	C'est rien du tout.
386380	386880	Tu n'as rien dit.
386900	387600	C'est que tu n'as pas compris, en fait.
387740	388320	Mais attends...
388320	388840	Je suis désolé,
388840	390340	mais c'est l'impact effacé.
390400	391400	Mais c'est rien ?
391400	392320	On était sur les...
392320	394840	Est-ce qu'on se fait le prénom ?
394840	395880	S'il te plaît,
396120	396540	s'il te plaît.
396720	397440	Mais je suis désolé.
397600	399100	Décris-moi le soutien moral,
399100	400180	il y en a un de vous deux
400180	400800	qui s'est pissé dessus.
400800	402420	Ça pue la pisse.
402680	403800	Je suis désolé de ne pas être d'accord.
404820	406100	Non, non, mais décris-moi
406100	407060	le soutien moral, s'il te plaît.
407320	407920	Décris-moi ce que c'est.
408100	409000	Non, mais juste décris-moi ce que c'est.
409020	409760	Ah, mais juste te dire,
410000	410840	je porte mon soutien
410840	411540	pour telle population.
411540	412320	Mais c'est quoi ?
412320	413220	Moi, c'est ça que je ne comprends pas.
413240	414260	Je ne comprends pas c'est quoi ?
414260	415300	C'est juste le poids de la parole
415300	416360	dans un média.
416360	416540	Ça, j'ai compris.
416700	417140	En parler,
417780	418860	ça a déjà un poids
418860	419960	qui est pour moi
419960	421000	genre dingue.
421100	421320	Et en fait,
421440	422280	si tu ne comprends pas ça,
422820	423240	la preuve,
423360	424000	c'est que c'est devant
424000	426200	les liens pour mettre de l'argent.
426340	426820	C'est-à-dire qu'en gros,
427240	427800	la promotion
427800	428820	ou même faire un truc
428820	429700	qui, en théorie,
429760	431100	n'a pas de valeur,
431440	432180	tu fais des premières parties,
432260	432700	tu n'es pas payé.
433260	434440	En fait, c'est pareil.
434460	434940	Avec toi, oui.
435020	435680	Avec les autres, non ?
435680	436100	Moi, je ne suis pas payé.
436200	436440	C'est pareil.
436760	437540	Non, non, mais quand je fais
437540	438380	sans signer, je suis payé.
439000	439700	Oui, mais ça sert
439700	440720	à une politique comme une autre.
440780	441500	Moi, je trouve que ça a tellement
441500	443160	de valeur de faire une première partie.
443260	444100	C'est une exposition, en fait.
444200	444640	C'est-à-dire qu'en gros,
445020	446340	tu négliges l'exposition.
446700	447460	Je ne suis pas étonné.
447460	448920	Et donc, Franjo est en train de dire
448920	450520	qu'il soutient lui aussi
450520	452040	Mayotte moralement.
452060	453140	Tu les soutiens moralement ?
453140	454860	Non, j'en ai même pas parlé encore.
454860	455280	Mais t'as un point.
455480	456120	Soutiens moralement.
456140	457140	Je soutiens moralement.
457180	458780	Voilà, c'est déjà mieux que...
458780	460860	Et donc, la vidéo que je faisais...
460860	461580	En tout cas, ma parole
461580	462300	a beaucoup moins d'impact.
462300	463400	J'espère que l'argent.
463580	465160	30 000 personnes, n'hésite pas.
465540	466500	Tous les soutiens moraux
466500	467020	qui n'ont...
467020	468060	Est-ce qu'on est comparable
468060	469100	à la parole du pape ?
469100	469460	Je ne crois pas.
470140	471020	Donc, en fait, le dire,
471120	472020	pour lui, c'est un impact de ouf.
472080	473420	Écoute, attends, je me positionne.
473420	476160	Moi, pire t'es venu le pape.
476340	476940	Je l'attends, tranquille.
478260	479880	Évidemment, nous, c'est mieux
479880	481640	d'envoyer un soutien financier
481640	482120	qu'un soutien moral.
482120	482660	On s'en bat.
483180	485140	C'était exactement le propos de ma vidéo.
485360	486580	Mais ce qui était en vrai pour déconner.
486580	487120	Eh bien, justement,
487320	489240	je pense que tu te trompes
489240	491200	puisqu'en fait, le fait que le pape dise
491200	492660	je donne mon soutien moral
492660	493480	à telle population,
493640	494620	le poids est énorme
494620	495800	versus quelqu'un qui donne,
496260	496840	Ginette, qui dit
496840	497640	je donne mon soutien moral,
497720	498640	évidemment que ça n'a aucun poids.
498920	500440	Et ça, ça vaut même de l'argent,
500560	501060	beaucoup d'argent.
501140	503160	Et Ginette, tu prends une balle perdue comme ça.
503160	504280	Et Ginette, on ne sait pas qui c'est.
504440	505340	Eh bien, elles sont toutes mortes.
505440	506180	C'est une ménagère de 45 ans.
506180	506520	Il ne reste plus de Ginette.
506620	508180	Si vous êtes Ginette et que vous êtes à côté...
508180	508520	C'est qui c'est ?
508520	509360	Parce qu'il doit rester une
509360	510520	donc elle l'a pris personnellement.
510680	510820	Ouais.
511280	513220	C'est vrai qu'on s'excuse à la Ginette.
513400	513720	Ginette.
513860	514580	De l'as Ginette.
514660	515740	J'envoie ses rances blancs, même qu'on parle.
515740	516320	J'envoie à Ginette,
516420	517260	qui est ma marraine également.
517600	518900	Ah, tu connais une Ginette ?
518900	519320	Oui, exactement.
519320	519680	Officiellement.
519920	520860	S'il y a d'autres Ginettes,
521860	523480	on peut inviter les Ginettes au spectacle.
523480	525080	Ça va nous coûter cher, non ?
525080	525480	Oui, on peut.
525660	525860	Allez.
526280	527460	Si vous êtes des Ginettes,
527600	528740	on veut la carte d'identité Ginette.
528900	529820	Toi, tu mets en place des logistiques.
530240	531280	Ouais, t'as qu'à gérer derrière.
531280	531800	On a invité toutes les Ginettes.
531820	532440	Je suis faux gérer.
533340	534240	Vous allez encore rire,
534340	536240	mais j'ai fait cette promo sur les urbains.
536360	538360	Ça m'a coûté trois places pour l'instant.
538760	539460	En deux ans.
539720	541140	Voilà pourquoi je ne suis pas d'accord avec toi
541140	543360	sur le fait qu'on ne puisse pas communiquer
543360	544160	sur le soutien moral
544160	545340	et quand c'est surtout le soutien
545340	546380	d'un poup d'un homme politique
546380	546920	qui est puissant,
547040	547600	ça a beaucoup, beaucoup d'allèrent.
547600	548940	Je ne suis pas trop un gars de l'église,
549040	550480	mais je suppose qu'ils vont envoyer de l'oseille.
550880	552600	C'est tout ce que je demande.
552820	554420	Je préfère ça.
554580	555280	Mais c'est bien d'en parler.
556200	557040	Ça a de l'air, en fait.
557120	557980	On a tendu un micro,
558080	558640	il était en Corse,
558720	559340	il n'y est pas allé,
559520	559980	et on lui dit
559980	561020	« Alors, Mayotte ? »
561020	562040	Je les soutiens moralement.
562120	563160	Je trouve que c'est de la branlette.
563320	563940	Mais t'as raison,
564300	564880	ça a un impact.
565260	566440	Mais ça a encore plus d'impact.
566680	567740	Qu'est-ce que tu veux qu'ils disent ?
567740	570840	Il dit « Demande-vous, check. »
570840	572300	Je comprends bien,
572420	572860	je respecte,
572860	574980	je respecte les régions,
575120	576200	mais il n'y a pas grand-chose à foutre
576200	577200	du frérot en peignoir.
577880	579360	Mais je crois qu'il n'est pas trop mal.
579980	580840	Sur certains sujets,
580920	581740	il est un peu progressiste.
582080	582600	Oui, justement,
582740	583360	ça m'a fait marrer.
584220	585720	Mais qu'est-ce que tu veux qu'ils disent
585720	586160	quand on lui dit
586160	586900	« Vous soutenez Mayotte ? »
586900	587240	Il va dire
587240	588780	« Ah non, bats les couilles ! »
588780	590160	Moi, je suis il-Maurice à fond,
590240	590520	Mayotte,
590740	591460	il fout les pieds.
592180	593920	C'est là que je trouve
593920	596100	que ce n'est pas de la faute du pape.
596220	596920	C'est ce que je vous ai dit.
597000	597460	C'est qu'au final,
597780	599380	on est rentré dans cette espèce de branlette
599380	601480	où rien que lui poser la question,
601640	601980	c'est idiot.
602080	602820	D'en faire une news,
602940	603360	c'est idiot.
604280	605160	Mais ça a toujours été comme ça.
605160	607700	Oui, mais c'est un fait d'actu.
607840	607880	C'est un fait d'actu.
607880	609100	Tu es obligé d'en parler, Mayotte.
609100	609400	Franchement.
609420	610520	En fait, ce n'est pas de la branlette.
610640	612340	C'est un des plus gros faits d'actu.
612560	613040	Mais justement,
613220	615020	j'espère que quand c'est diffusé,
615260	616860	ce n'est pas réglé,
616980	618680	mais il y a tout à qui est mis en place.
618700	618920	Justement,
619000	619800	on ne voudra pas les oublier
619800	620680	dans le sens où, en gros,
620920	622600	ils ont été frappés par le cyclone.
622600	623220	Allez, faire un virement.
623860	624560	Oui, pourquoi pas.
624600	625760	On ne les oublie pas moralement
625760	626920	ou est-ce qu'on fait un petit virement ?
626920	627560	Un petit soutien.
627580	628320	Nous, c'est mieux pour l'autre coup.
628460	629820	C'est mieux de donner de l'argent.
630120	633160	Parce que notre valeur n'a pas de valeur.
633160	634380	Francho, c'est ma vidéo.
635040	635660	En fait, dans la vidéo,
635780	636180	je déconne
636180	637520	et puis je dis qu'il a une toute petite voiture.
637780	638400	Et puis après, je dis
638400	639020	bon, du coup,
639420	640240	moi, je veux soutenir.
640380	641240	Donc allez, je donne 20 balles.
641360	642040	Et à mon échelle,
642120	643140	c'est beaucoup plus que lui.
643640	644980	T'as fait un virement live.
645200	645340	Oui.
646660	647980	Mais c'est le principe de la blague.
647980	650780	On s'approche des expériences sociales
650780	651800	genre je donne 20 euros
651800	652820	à un clochard dans la rue.
653240	654540	Mais vous êtes vraiment
654540	655520	comme les gens.
655680	656320	Oui, mais le principe,
656580	659280	quand c'est moi
659280	660000	qui le fais
660000	661040	en rigolant,
661140	662100	en insultant le pape
662100	662780	et en désastre.
662980	663980	C'est évidemment que...
663980	665440	Quand j'insulte le pape ?
665440	667480	Mais ce qu'il a un très gros chapeau
667480	668380	et une toute petite voiture.
668540	669600	Alors qu'il faut faire le contraire.
669940	671020	Il faut avoir une grosse voiture
671020	671800	et un petit chapeau.
671860	672700	Les costumes et tout,
672760	673180	ça ne va pas du tout.
673440	674920	La DA, ça ne va pas du tout.
674920	676820	Mais t'es le gars des JO, là.
676960	677360	Mais de toute façon...
677360	678540	Et les chansons, là.
678580	679820	Ça dure trois heures.
679920	681080	De toute façon...
681080	683640	Le style des religieux,
683720	684160	de toute façon,
684520	685700	c'est un style très particulier.
685700	686200	Ah mais partout.
686200	686820	Et t'aimes ou t'aimes pas.
687980	688800	Non, mais moi, j'aime bien.
688880	689340	Ah, moi, les tenues,
689400	689860	ça me régale.
690280	691140	Dans toutes les religions,
691220	691500	les tenues,
691560	692260	je trouve ça un peu rigolo.
692560	693940	Moi, je trouve que les bouddhistes
693940	694660	sont les plus stylés.
695540	696400	Alors qu'on est vraiment
696400	697600	sur les vidéos de bouddhistes
697600	698080	de la muscu
698080	698860	qui font des grands écarts.
698860	699900	Les bouddhistes qui tapent
699900	700640	dans du bois et tout.
700760	701200	Moi, j'adore.
701400	702220	Avec leur capo orange.
702220	702860	Vous vous rappelez de ce truc
702860	703720	sur Paris 1ère,
703780	704140	tous les ans,
704180	704820	quand on était petits,
704820	706240	c'était en direct à Bercy.
706340	707440	C'était le grand truc
707440	708100	des arts martiaux.
708200	708900	Mais ça existe encore.
709260	709880	Ils le font à Bercy
709880	710740	avec le karaté bouché.
711360	712340	Et bien avant,
712560	712960	je me souviens
712960	714480	que c'était tous les ans
714480	715300	à la télé ce truc.
715400	716220	Et on voyait justement
716220	717460	la lutte mongole.
717640	718460	Ça me régalait.
718600	719240	C'était incroyable.
719240	720540	Non, on va dire pas de bâle.
720760	721900	On arrête, on arrête.
722140	723040	Non, non, non, non.
723560	724500	Non, non.
724600	725240	La lutte mongole.
725820	726720	Non, non, non.
726740	727020	Attends.
727340	727700	Ça peut être
727700	728340	le deuxième titre
728340	728960	de ce podcast.
730300	731320	La lutte des mongoles.
731340	732640	Non, ou le deuxième film d'Arthus.
732780	733200	Allez, on continue.
734000	734680	On va jouer, on va jouer.
734760	735340	La lutte mongole.
735720	736280	Petit pull
736280	737560	l'abbé Pierre de Franjo
737560	738800	qui se positionne quand même.
738960	739620	Parce qu'on est obligé
739620	740240	d'en parler de ça.
740240	740760	Ce n'est pas l'abbé Pierre.
740760	741220	Soutien moralement
741220	741900	l'abbé Pierre d'ailleurs.
741900	742240	Ce n'est pas l'abbé Pierre.
742540	743720	C'est une marque
743720	745040	que les basques vont reconnaître.
745140	745840	Je ne la citerai pas
745840	747200	parce que j'évite
747200	748380	les placements de produits gratos.
749060	749920	Tu leur fais un gros
749920	750700	placement de produits gratos.
751100	752080	Fais leur assise soutien moral.
752660	754140	Je n'ai pas...
754140	754900	C'est un béret basque.
755140	756440	C'est un berger basque.
756540	756980	Mais je les adore.
757120	757300	J'aime bien les éventiles.
757300	758300	Elle a l'air dur.
758380	759000	Il pleure et tout.
759020	759760	Ça va être un mec dangereux.
759980	760320	Je ne sais pas.
760560	761380	N'empêche qu'ils sont niqués
761380	762200	parce que ça ressemble à l'abbé Pierre.
762200	762800	Tu ne sais même pas.
762800	763940	C'est un gars de l'ETA.
764020	764540	Mon gars t'aime pas au courant.
764560	765220	Je pense qu'ils sont nègres
765220	765960	parce que leurs marques
765960	766600	ils l'ont depuis longtemps.
767160	767660	C'est fini.
768060	769000	Ça ressemble à l'abbé Pierre.
769100	769660	Mais l'abbé Pierre,
769820	770280	c'est ce que je dis
770280	772420	dans un sketch en ligne
772420	773420	qui n'a pas forcément
773420	773960	beaucoup marché.
774160	774620	Tu sais pourquoi
774620	775540	je l'ai partagé ?
775540	777000	C'est pour ça qu'il n'a pas marché.
777140	777920	Tu m'as niqué mon buzz.
778200	778960	Il commençait à monter
778960	779640	Partage Urbain.
779780	780080	L'algo.
781020	781620	Tout descend.
782820	783560	Merci pour le partage.
783560	784000	Alors du coup,
784060	784760	tu as dit quoi sur l'abbé Pierre ?
784760	786380	Ça, ça a niqué vraiment
786380	789120	des vieux avec des bérets et lunettes.
789340	789620	J'en connais.
790180	791060	Et là, c'est fini.
791660	792780	Ils vont être regardés dans la rue
792780	793540	comme des gros dégueulasses.
793600	794180	Moi, je suis content
794180	795600	parce que c'est des gros dégueulasses.
795800	796600	C'est bien que l'abbé
796600	797200	soit tombé.
797760	798860	Tous les vieux abérés,
799000	799640	c'est des gros dégueulasses.
799960	800360	Le pire,
800420	800680	le pire,
800740	801400	c'est les camionnettes
801400	802760	avec la tête de la pierre.
802960	803940	Mais ils vont les changer.
804060	804760	Mais c'est que ça coûte de l'oseille
804760	805060	à changer.
805160	805540	Ça coûte cher.
805820	806400	Et la fondation,
806520	806600	ça coûte cher.
806600	807500	Ah, mais le pauvre,
807580	808620	il aimait les Nibars.
809300	810200	Laissez-lui ces Nibars.
811160	811980	Arrête-toi, vas-y.
812060	812940	On va repasser
812940	813400	sur la Lébire,
813460	814180	on vient de faire le pape.
814180	814920	C'est ça, ouais.
815160	816940	Non, il faut équilibrer.
816960	817240	Alors,
817480	818200	la place de l'église
818200	819040	pendant la Seconde Guerre mondiale.
819220	819600	Ok, on continue.
819700	820140	Non, les fêtes,
820240	820520	les fêtes,
820600	821180	c'était les fêtes.
821360	821620	Bon, voilà.
821780	823240	Bon, on n'a pas sauté ma fête.
823420	824280	Vous êtes un mauvais catholique.
824500	825220	En fait, on était partis
825220	825980	sur un truc détente
825980	826340	et c'est parti.
826500	827380	Donc toi, tu fêtes les fêtes.
827400	827840	Mais j'aime bien
827840	828660	quand ça se faite un peu.
828680	829120	Ah ouais, vas-y.
829400	830620	Donc toi, tu fêtes la Saint-Joseph
830620	831480	parce que tu as une famille
831480	833820	un peu catho-forte, quoi.
834180	834720	Non, ne fêtes pas.
835120	835740	Juste ma mère
835740	836280	qui me dit bonne fête.
836300	836720	Vous êtes costaud.
836900	837620	Moi, j'avais des cadeaux.
837860	838240	C'est ouf.
838540	839280	Vas-y, tu fais une blague.
839400	840200	Chez toi, tu fais une blague
840200	840580	à Noël.
840680	841480	Vous avez mis la crèche.
841920	842620	Tu mets le petit Jésus
842620	843240	pour déconner
843240	845340	le 23 décembre du 25.
845480	846660	Tu fais déboîter ?
846660	847000	Non.
848240	848520	Non.
848920	850900	Bah, tu te fais déboîter.
851020	851660	On ne le fait pas.
851840	852460	On le met le 24 à minuit.
852480	852900	Ah, vous savez
852900	853460	qu'il ne faut pas le faire.
853660	854580	Non, mais c'est juste
854580	855500	on ne va pas embêter, quoi.
856000	856600	24 à minuit.
856680	857620	Genre, même ma mère,
857720	858200	elle le met.
858760	859720	Mais non, mais pourquoi pas ?
859720	859960	Je trouve ça.
859960	860820	Ce qui n'est pas avant
860820	861840	24 à minuit.
861880	862680	Tu t'y connais ?
862680	863120	Tu n'as pas un petit
863120	863680	placement de produit
863680	864600	pour où je pourrais aller ?
864600	865400	Ah non, mais c'est trop tard.
865800	866480	On a mis janvier.
866620	867340	Mais je veux acheter...
867340	868060	Ma mère, elle me fait chier
868060	869100	avec la même vieille crèche
869100	869780	depuis 40 ans.
869840	870560	J'avais envie de lui acheter
870560	871260	une top crèche.
871440	872140	C'est ça que tu veux gratter
872140	873200	une crèche gratos ?
873200	874180	Nous, on essaie de monter,
874580	875420	d'avoir des bagnoles,
875500	875760	des trucs.
875860	876960	Toi, tu veux une crèche gratos ?
876960	877360	Non, parce que là,
877420	878440	je n'ai pas encore fait mes cadeaux.
878540	879420	On est le 19
879420	880460	et j'ai compris ce que je voulais
880460	882340	lui acheter une top crèche.
882400	883200	Mais je ne sais pas où elle est.
883420	884220	Il y a du placement de produit.
884320	884980	C'est notre objectif.
885160	885840	On va essayer d'en faire.
886040	886580	Où est-ce qu'on a acheté
886580	887460	des crèches, en fait ?
887460	887960	Chez moi, il y a une top crèche.
888200	889100	Ma mère, elle me dit tiens.
889100	890680	Il y a une crèche comme elle.
890700	891220	Ah, voilà.
891360	891840	C'est ça que je veux.
892160	892820	Avec des maisons,
892940	893560	de la mousse,
893680	894920	du sable qu'elle a pris
894920	895900	je ne sais pas où.
896500	897320	Elle se gaffe.
897480	898260	C'est la règle.
898960	899880	Déjà, je pense qu'elle kiffe,
899980	901120	mais plus tu fais un truc de ouf,
901200	901980	plus tu augmentes les chances
901980	902900	de la lopardie, en théorie.
903320	904020	Plus tu donnes,
904100	904640	tu rends hommage,
904760	905660	tu prends un chien de Dieu.
905660	906220	Non, ça serait moche.
906560	906860	Elle kiffe.
906880	907400	C'est comme ça.
907600	908940	Pourquoi on fait des méga grosses églises ?
908940	909480	C'est bien pour la lopardie.
909500	910080	Franchement, la crèche,
910420	911400	c'est assez...
911400	912080	Les petits santons et tout,
912120	912480	moi, j'aime bien.
912640	913040	C'est un bon délire.
913080	913380	Non, mais attends,
913480	915340	en théorie,
915420	916340	c'est pour essayer d'aller au paradie.
916440	917920	Comment on fait tout ça ?
917920	919740	Là, je pense qu'elle n'y pense même pas.
919820	920200	C'est son kiff.
920480	921560	Ça fait partie de la déco.
921860	922740	D'ailleurs, pour ou contre,
922740	924940	l'enlèvement des crèches.
925740	926960	Est-ce que c'est quelque chose
926960	928660	qui est trop assimilé à la religion
928660	930340	ou est-ce que ça fait partie du folklore ?
930340	931680	C'est vraiment le problème de Noël,
931780	932160	en général.
932400	932700	C'est qu'en fait,
932740	933380	j'adore Noël,
933480	934480	mais je ne suis pas du tout religieux.
934680	936800	Je suis dans une schizophrénie trop bizarre.
937120	937860	C'est qu'ils enlèvent les crèches.
937860	941060	Il y a des mairies qui enlèvent les crèches.
941160	942620	Je dois être un peu tradi là-dessus.
942720	943320	Moi, j'aime bien les crèches.
943380	943800	Moi, j'adore.
944260	945380	C'est ça, le truc.
946580	948160	En fait, le truc, c'est que...
948160	949100	Qu'est-ce que tu mets ?
949100	949400	Je sais.
949400	950980	Il faudrait qu'ils fassent un vrai sondage
950980	951800	de qui ça fait chier
951800	953000	parce que je ne suis pas sûr
953000	953940	que les autres religieux
953940	954840	en aient quelque chose à foutre,
954920	956200	voire ils sont plutôt contents
956200	957480	parce qu'ils partagent le même prophète.
958220	959900	Les athées sont, en général,
960760	963240	quand même OK avec Noël.
963380	963780	Donc, en fait,
963780	965200	je ne sais même pas
965200	966780	qui ils essaient de protéger
966780	967860	avec ce truc d'enlever les crèches.
967980	968680	Mais il y en a vraiment beaucoup
968680	969180	qu'enlèvent là ?
969180	970220	C'est un vrai sujet ?
970220	970920	Oui, il y a des mairies
970920	972380	où, en gros, c'est interdit, etc.
973440	974260	Nantes, ils ont enlevé
974260	975100	tous les trucs religieux.
975260	975620	Il y a des...
975620	978040	Là, les décos de Nantes,
978040	978900	c'est dégueulasse.
979660	981500	Il n'y a plus rien de traditionnel.
982080	983400	En fait, on dirait un carnaval.
983500	983800	C'est chelou.
983900	984960	Alors, moi, les décos de Noël,
985040	985660	j'avoue, dans la rue,
985720	986300	c'est pas que je m'en fous.
986440	987020	Mais bon, ça me...
987020	987920	Si je peux chier un peu
987920	988940	sur la mer de Nantes.
988940	989420	Tu veux chier sur Nantes ?
989420	991520	Franchement, change tes décos.
991880	992900	Remets-nous des boules de Noël
992900	993940	et des trucs classiques.
994380	995020	C'est une, je crois.
995120	995940	Mais les boules de Noël,
996080	996640	c'est pas...
996640	997100	Non, mais il n'y a pas.
997560	998720	Ah, ça, ils ont enlevé ça aussi.
998820	1001080	En fait, c'est des sortes
1001080	1003360	de diable un peu éclairé
1003360	1003940	que j'ai vu.
1004100	1004760	Ah, ça part en diable.
1004940	1005680	Voilà, c'est pas cool.
1005680	1006820	Là, il y a un agenda.
1007120	1008780	Là, tu pars en opposé,
1008840	1009180	t'en vas-tu dire.
1009280	1010660	Ah non, mais c'est horrible.
1010760	1011420	Mais vraiment, c'est horrible.
1011780	1012700	Franchement, les pauvres Nantes,
1012980	1014280	je vous plains, battez-vous.
1015280	1015900	Sortez les fourches.
1015980	1017100	Molo, il y en a qui n'ont rien à foutre.
1017560	1018500	Il y en a qui n'ont rien à foutre.
1018720	1019560	Mais moi, j'étais...
1019560	1020440	Mais les crèches dans les églises,
1020540	1020980	c'est spécifique.
1021180	1023080	En tant que jeune
1023080	1023900	avec éducation,
1024260	1025200	crèche et compagnie,
1025400	1025900	j'étais pas bien.
1025900	1026680	En tant que catho,
1026780	1028220	tu peux dire que c'est pas interdit.
1028380	1029140	En tant que catholique.
1029260	1031500	En tant que traditionnaliste
1031500	1033760	ayant un petit souci
1033760	1034280	intégré
1034280	1035080	avec les gens
1035080	1036780	qui opèrent des transitions
1036780	1038900	d'un côté comme de l'autre.
1038900	1039280	Mais pas du tout.
1039860	1041120	Pour avoir été scout
1041120	1042440	et parfois très, très proche.
1042460	1043460	J'ai aucun problème.
1043740	1044320	En détente
1044320	1045060	ou les rapprochements.
1045060	1046040	Non, non, ça, non.
1046280	1047480	Je n'accepte pas.
1048340	1049020	Bon, qu'est-ce qu'on fait ?
1049020	1050280	C'est vrai que j'étais scandalisé
1050280	1051480	par cette nouvelle...
1051480	1052740	Mais elle grince, ta chaise.
1052740	1053320	Oui, ça grince.
1053420	1054180	Arrête de bouger.
1054380	1055220	Comment je fais ?
1055220	1056700	Tu restes comme ça, fixe.
1056940	1057920	Attention, la bougeotte.
1058380	1059380	C'est très grave.
1059420	1061260	C'est vrai que j'étais scandalisé
1061260	1061800	et je pense
1061800	1062820	rebellez-vous les Nantais.
1063180	1063640	Faites quelque chose
1063640	1064360	pour les décorations
1064360	1065840	qui sont dégueulasses à Nantes.
1066180	1066860	C'est mon coup de gueule.
1066880	1067080	T'as pu la pisse.
1067720	1068200	Pas du tout.
1068320	1068780	C'est ta bouche.
1069220	1069640	Pas du tout.
1070420	1071300	Ah, il s'est peut-être pas
1071300	1072120	brossé les dents ce matin.
1072280	1072720	On est le matin.
1073560	1074220	C'est ton micro, mec.
1074220	1075000	Non, non, c'est toi qui...
1075000	1075720	C'est ton micro, gros.
1076140	1077080	C'est parce que tu parles dedans, en fait.
1077120	1077620	T'es un mauvais bleu.
1077780	1078460	Très mauvais acteur.
1078460	1079420	Très mauvais acteur.
1079800	1080220	Oh, putain.
1081040	1082100	Vous pensez que je suis un mauvais acteur ?
1082100	1082940	Heureusement, t'as pas fait le film
1082940	1083340	avec Clavier.
1083840	1084360	Ça...
1084360	1086000	Ah !
1086000	1086680	C'est ta bouche.
1086720	1087280	Non, non, non, regarde.
1087480	1087940	Non, vas-y.
1088060	1088680	C'est ma main.
1088840	1089300	Dégage !
1089300	1090840	Non, mais non, c'est le savon.
1091100	1091440	Dégage !
1091440	1092380	C'est le savon, je te dis.
1092500	1093480	C'est le savon.
1093680	1094260	Il s'est lavé les mains.
1094260	1094840	Il a l'eczéma.
1095320	1096260	Dégage, putain !
1096260	1099080	Il a chopé l'eczéma dans la piscine.
1099160	1099740	Il est dégueulasse.
1099820	1100400	J'ai pas d'eczéma.
1100640	1101640	Arrête de bouger avec ta chaise.
1101720	1102720	Arrête de me toucher avec ta main.
1103920	1104520	Petit rebake.
1105620	1106940	Je préfère être à côté du Robins.
1107000	1107660	Petite pause de pub.
1107980	1108560	Je parlais de Nantes.
1108860	1109840	On vient d'ailleurs bientôt.
1110100	1110280	Nantes.
1110360	1110920	On joue à Nantes.
1111280	1111900	Je crois que c'est en octobre.
1111920	1112440	T'es sûr, tu m'as dit ?
1112440	1113440	Parce que déjà, Toulouse, je suis pas au courant.
1113500	1113800	Je peux pas venir.
1113860	1114280	T'inquiète, t'inquiète.
1114360	1114980	On fera le point après.
1115580	1116660	Toulouse aussi ?
1116660	1119200	Toulouse, Nantes, Lille, Bordeaux, Paris.
1119200	1122740	On filme en février un épisode live.
1122920	1123560	En fait, c'est ça l'idée.
1123740	1126120	C'est que là, on va vraiment lancer le podcast live à fond.
1126380	1128020	La tournée, c'est plateau.
1128160	1130460	Mais après, podcast live, l'idée, c'est qu'on fasse vraiment le podcast live.
1130480	1131360	Qui dure plus longtemps.
1131860	1134260	En live, si vous venez, ça va durer une heure et demie.
1134560	1136600	Et vous décidez de quoi on parle.
1136800	1137780	Vous posez vos questions.
1137980	1141000	C'est une sorte de FAQ en privé.
1141140	1143300	Vous pouvez partir avec un bout de cheveux du Robins.
1143300	1143780	Un problème.
1144060	1144740	Même avec ce Robins.
1145060	1146520	Sachez qu'on coupe énormément de choses.
1146780	1149580	C'est-à-dire qu'en live, vous vivez des trucs que vous pouvez pas avoir en vidéo.
1150000	1152300	Il y a bien un tiers des lives qui partent à chaque fois.
1152460	1153060	Parce qu'on part.
1153220	1153740	On part un peu trop loin.
1153740	1155920	Parce qu'on peut pas se permettre d'avoir des procès.
1155920	1156820	On n'a pas encore assez d'argent.
1157040	1159300	Dès qu'on a assez d'oseilles pour avoir un avocat solide.
1160080	1161480	Et quand moi, je coupe.
1161880	1162520	C'est qu'il faut couper.
1163540	1163880	C'est vrai.
1164180	1165780	Parce qu'il a jamais coupé Jacques Lang, par exemple.
1165800	1166640	J'en ai laissé des salariés.
1166980	1167420	Arrêtez.
1167900	1168600	Laissez, Jacques.
1170120	1172020	Ah, alors, dès qu'on touche à l'abbé ou au pape.
1172340	1173720	Par contre, Jacques, Jacques, il prend tout.
1173720	1178400	Mais parce que c'est une notoriété publique que Jacques Lang a fait des trucs avec les gens.
1178400	1180700	Et l'abbé Pierre, c'est pas une notoriété publique ?
1180700	1181200	Bah si.
1181400	1181700	Si, si.
1182240	1183240	Mais j'ai jamais dit d'arrêter sur l'abbé Pierre.
1183240	1184940	Tu pourrais le condamner, s'il te plaît ?
1184940	1185740	Je condamne l'abbé Pierre.
1185800	1185940	Voilà.
1186100	1188120	Et tu peux me refaire un petit soutien moral à Mayotte, s'il te plaît ?
1188120	1189320	Je fais un soutien moral à Mayotte.
1189460	1190900	D'ailleurs, Mayotte.
1191640	1193020	Mayotte, intéressant.
1193200	1193780	Vous êtes déjà allé ?
1193780	1195020	On est en tournée ou pas ?
1195020	1196240	Franchement, si.
1197600	1200380	Juste ils font un chapiteau pour aller les faire marrer, je pourrais y aller.
1200740	1200980	Gratuit.
1201160	1201860	Gratos, bien sûr.
1201960	1202380	Bah, gratos.
1202460	1203420	Il faut quand même m'inviter.
1203900	1205300	Il faut payer le billet d'avion.
1205300	1206220	Eh bien, moi, je paye mon billet.
1206720	1207900	Ouais, je paye mon billet également.
1208020	1208620	Pour aller faire rire.
1208620	1209900	Venez, on va à Mayotte.
1210000	1210480	Moi, je suis chaud.
1210560	1211760	Peut-être qu'on leur laisse un petit peu de temps.
1212500	1215420	Le temps de se refaire la bobine.
1215580	1215960	Je ne sais pas si c'est.
1216180	1217760	Parce que c'est là où je pense qu'ils ont besoin de rien.
1218780	1219420	Ah bah là, c'est le moment.
1219540	1221740	Après, je crois que la moitié ne sont pas francophones.
1221840	1222720	Il n'y a que 300 000 personnes, je crois.
1223100	1224340	Et que la moitié ne sont pas trop francophones.
1224400	1225540	On va t'entendre anglais, mon gars.
1226180	1226520	Je crois.
1226660	1227560	Peut-être que je dis de la merde.
1227820	1229520	Mais je crois qu'il y a beaucoup de gens qui ne parlent pas trop français.
1229660	1230900	C'est bien possible qu'on dise de la merde.
1230900	1232680	Mais en tout cas, il y a 300 000 francophones.
1232680	1233460	Mais il n'y a pas que ça.
1233720	1234080	Moi, je suis chaud.
1234320	1235460	Donc, oui, on pourrait y aller, Mayotte.
1235600	1236280	Parce que là, ils ont cherché.
1236280	1237240	Moi, j'essaie de ne pas prendre la merde.
1237240	1237360	Oui.
1237660	1238080	C'est marrant.
1238620	1240140	Ça va, c'est un peu plus cool.
1241320	1242700	On est prêt à aller jouer à Mayotte.
1243300	1246360	S'il y avait un ouragan à Limoges.
1246440	1247220	Je ne sais pas si on irait.
1248620	1248900	Non.
1250280	1253260	Tu sais, un ouragan à Limoges, ce serait comme un nouveau départ.
1254920	1256440	Une opportunité de...
1256440	1256880	Non, je rigole.
1257220	1257980	En vrai, je ne sais pas.
1257980	1258380	Je ne sais pas.
1258480	1262620	Mais je pense qu'on ne verrait pas la différence entre avant et après le passage de Loure.
1262680	1263860	Vas-y, toi, tu ne vas pas souvent à Limoges.
1264020	1264840	Non, mais Limoges, c'est pas mal.
1265080	1265640	C'est une grande ville.
1265900	1268200	Non, non, c'est juste qu'ils ont fait boycott parce que le TGV, il ne va pas.
1268380	1269780	C'est les gens qui sont des enculés là-bas.
1269880	1270300	Ça n'a rien à voir.
1270640	1271060	Bon, bon.
1272040	1273280	Comment on appelle ça, les Limogés ?
1273280	1273740	Limougeaux.
1274120	1274440	Limougeaux.
1274760	1275080	Limougeaux.
1275380	1276040	Petite blague.
1278160	1279620	Qu'est-ce que je voulais dire ?
1279620	1280640	Rubrique, du coup.
1280940	1282500	Alors, il me restait deux rubriques.
1282640	1282760	Oui.
1282940	1283880	Je ne vous avais pas parlé.
1284240	1287080	Il y en a une qui ne va pas vous plaire, mais je ferai mes coups de gueule moi-même.
1287200	1287440	Vas-y.
1287860	1288780	Coup de gueule, c'est ça ?
1288780	1289000	Non.
1289020	1289600	Rubrique coup de gueule ?
1289600	1289760	Non.
1290060	1291760	C'est un coup de gueule, mais c'est spécifique.
1291960	1293360	C'est trop cher.
1293620	1294240	Il y a des trucs.
1294680	1295620	Qu'est-ce qui est trop cher ?
1295620	1299520	Je sais que dans le capitalisme, un prix, c'est forcément un bon prix puisque les gens
1299520	1300140	achètent machin.
1300240	1300800	Mais il y a des trucs.
1300900	1304080	À un moment, tu regardes, tu te dis, non, mais objectivement, les gars, c'est trop cher.
1304080	1307140	Et là, j'en ai deux qui ne vont pas vous parler.
1308000	1310260	Moi, personnellement, la business, je trouve que c'est trop cher.
1311280	1312760	Mais tu sais quoi ?
1312760	1312960	Oui.
1312960	1319140	La différence entre première classe et seconde classe dans les avions est trop grande.
1319180	1319880	Mais c'est abusé.
1319940	1320840	C'est trop grand.
1321020	1322040	C'est x15.
1322160	1324200	Alors que c'est mieux, mais ce n'est pas x15 mieux.
1324440	1325180	Je ne suis pas d'accord.
1325300	1325700	Ce n'est pas x15.
1325700	1326880	Frantz-Joh va te dire que c'est x15 mieux.
1327560	1328420	Non, mais je l'ai déjà fait.
1328600	1329020	Donc, je le sais.
1329520	1329940	C'est bien.
1330280	1331000	Mais ce n'est pas…
1331000	1332580	Tu vois, toi, tu te retrouves en business.
1333220	1336000	Le mec qui a payé à côté, là, il a le somme.
1336200	1337940	Il y avait peut-être x15.
1338120	1340060	Et une fois que tu es rentré, il se dit, là, je me suis fait niquer.
1340680	1341520	Là, là, mon x15.
1341520	1344700	Ou alors, est-ce que les hôtels, ils te regardent genre en mode, toi, tu es invité ?
1344700	1345300	Ah ben, c'est sûr.
1346140	1348200	Et quoi que tu sais, il y a des mecs de la tech maintenant.
1348300	1349480	Tu ne sais plus qui est riche, qui ne l'est pas.
1349580	1350500	C'est vrai que tu ne sais plus.
1350500	1350740	Il y a des rappeurs.
1350920	1351860	Il y a des humains.
1352120	1353780	Il y a des gars de start-up.
1353940	1355280	Tu ne sais plus qui est riche, qui ne l'est plus.
1355300	1356740	Moi, je me retrouve avec mon jogging Decathlon.
1356860	1360000	Ça arrive de temps en temps dans des hôtels où, franchement, le gars, la récepte, il a le somme.
1360560	1361880	Ah ouais ? En Belgique, tu te rappelles ?
1361880	1362580	Il voit que je suis un clodo.
1363440	1364700	En Belgique, on a eu un peu ça.
1364700	1366000	Une fois, on a fait un très bel hôtel.
1366160	1366980	Et il y a un gars qui m'a regardé.
1367120	1369120	Je crois que vous cherchez plus la rue.
1370380	1370880	C'est vraiment fou.
1370880	1371460	C'était quel hôtel ?
1371460	1372960	C'était un très beau qu'on avait fait.
1372960	1373620	Il n'y a même pas de piscine.
1373800	1375000	C'est celui de Van Vlick.
1375680	1375820	Oui.
1376280	1376840	Ah ouais, j'adore.
1376940	1377620	C'est à Liège.
1377620	1377640	C'est à Liège.
1377640	1378060	C'est à Liège, tu vois.
1378120	1378560	Mais il est trop cool.
1378580	1379100	C'est à Liège, non ?
1379100	1379260	Oui.
1379640	1380580	C'est pas à Bruxelles, c'est à Liège.
1380820	1381800	Oui, c'était en Belgique.
1381840	1382340	Il est trop cool.
1382480	1383780	Oui, mais je ne sais pas les mêmes.
1383780	1384860	Je n'ai pas dit Bruxelles, j'ai dit Belgique.
1384880	1385080	Ah, tu as dit Bruxelles.
1385700	1386660	Qu'est-ce qu'on ne sent pas les couilles ?
1386660	1387140	Tu as dit Bruxelles.
1387140	1388100	J'ai dit Belgique.
1388340	1389220	De toute façon, Ripley.
1389420	1390080	Oui, Ripley.
1390420	1391460	A la VAR, j'ai dit Belgique.
1391480	1391980	Tout le monde ne sent pas les couilles.
1392020	1392860	On ne sent pas les couilles.
1392960	1393640	On ne sent pas les couilles.
1393980	1395100	Il a dit Bruxelles au lieu de Liège.
1395260	1395500	Et je trouve que c'est raciste.
1395500	1396560	Mais après, oui.
1397280	1398740	Globalement, la Belgique, c'est moche.
1398820	1400260	Et tous les villes ne sont pas rires.
1400440	1400740	Pourquoi ?
1400740	1404220	Et toi, mais déjà, tu ne commences pas à te mettre des bâtons dans les roues de remplissage.
1404220	1405080	Rien à foutre.
1405440	1406260	Mais les Belgiques m'adorent.
1406380	1409620	Il y en a trois qui sont venus de Belgique pour nous voir.
1409740	1411100	À partir de trois, c'est une commu.
1411340	1412060	Ah ouais ?
1412060	1413440	Attends, c'était pour Podcasos.
1414300	1418280	Et de faire Belgique-Lille pour me voir moi, ça m'a fait plaisir.
1418420	1420060	Oui, il y a Rick Sansard qui est juste à côté.
1420500	1421300	Rick Sansard ?
1421300	1422680	Oui, c'est une ville qui est pas mal.
1423220	1424300	Le gars, il connaît toutes les villes de Belgique.
1424320	1425540	Je connais toutes les villes de Belgique.
1425560	1426720	Je pense qu'il joue sur Spéthlac là-bas.
1426780	1428400	Il fait de la promo déguisée alors qu'on n'est pas censé en faire.
1428500	1428760	Pas du tout.
1428940	1429640	On en fout Besançon.
1429640	1430360	Besançon, Besançon.
1430460	1431580	Merci aux Beiges qui sont venus.
1431760	1432200	Moi aussi, j'y vais.
1432280	1432920	Soldat Besançon.
1432940	1433720	Soldat Besançon.
1433980	1435280	Ah, mais pas toi et toi, c'est bon.
1435420	1435720	Moi aussi.
1435940	1436320	Je galère.
1436520	1437420	Je suis bien que toi.
1437760	1438920	Bon, la bière.
1439100	1439800	La bière, c'est trop cher.
1440040	1440920	Voilà, ça suffit.
1441280	1442340	Ils ont fait ta bière.
1442420	1443400	Tu peux faire ta bière maintenant.
1443640	1444840	Oui, facilement.
1444960	1448440	Et après, du coup, je vais devenir un de ces micro-brasseurs à la con.
1448660	1451520	Alors eux, pour le coup, il ne faudra vraiment pas que je les insulte parce que ça, c'est vraiment public.
1451520	1454840	Les gars qui ont des micro-brasseries, qui font des bières à 7 euros dans des canettes juste parce qu'elle est jolie.
1459640	1461060	C'est pour se bourrer la gueule à pas cher maintenant.
1461300	1465220	N'importe quelle bière IPA, c'est 7 euros dans une canette parce qu'elle est jolie.
1465420	1466300	On est devenu le vin.
1466620	1467540	On est devenu l'élite.
1467900	1468260	C'est non.
1468380	1469380	Non, c'est toi qui t'en mange.
1469380	1470680	Non, c'est toi qui veux des bonnes bières.
1470900	1471740	Mais il n'y en avait pas avant.
1471740	1472060	La fax.
1472580	1473060	La fax.
1473600	1474520	Canette d'un litre.
1474620	1475140	Oui, je sais.
1475200	1476240	Canette d'un litre à 10.
1476720	1477440	T'en bois une.
1477960	1478960	Pouf, c'est plié.
1479060	1481800	Mais ça n'existait même pas avant.
1481800	1483400	Il n'y en avait même pas le choix.
1483400	1487540	Il y a eu une explosion des bonnes bières qui finalement se ressemblent à un peu toutes.
1487660	1489000	Elles sont extrêmement chères.
1489460	1490520	C'est des arnaques à bobos.
1490700	1491740	Je me fais avoir aussi.
1491980	1493460	Parce que la boîte, elle est jolie.
1493580	1494660	Elle est un peu rugueuse.
1494820	1494960	Voilà.
1495580	1497940	Et ça, franchement, c'est non.
1498040	1500280	Du coup, la moindre pinte est à 7,50 euros.
1500500	1502360	Je connais le prix de fabrication de la bière.
1502500	1503260	C'est que du marketing.
1503500	1503960	Vous nous enculez.
1504020	1505020	Et je suis la cible.
1505360	1505780	Je le sais.
1506200	1507640	Et les vinyles sont aussi à 40 balles.
1507640	1508320	Ce n'est pas possible.
1508400	1509260	Mais ça, c'est des trucs de...
1509260	1512780	Déjà, enfin, si tu en es à acheter des IPA et des vinyles,
1512780	1513820	c'est que bon, ben...
1513820	1514460	Ah oui, non, mais attends.
1514600	1516100	C'est normal que tu te fasses déboîter sur le prix.
1516320	1517260	Ce n'est pas des produits de nécessité.
1517540	1518400	Ce n'était pas Hugo Chavez.
1518500	1519800	Je n'allais pas dire le riz, c'est trop cher.
1521060	1521300	Effectivement.
1521800	1522880	Alors, le riz...
1522880	1524780	Chez Franprix, j'ai tout un sketch sur Franprix et tout.
1525720	1527100	L'autre jour, j'y suis allé avec un peu de recul.
1527120	1527760	Un sketch chez Franprix ?
1527760	1530620	J'ai un sketch sur le fait que quand tu arrives à Paris,
1530820	1533540	tu sais que tu vas te faire déboîter sur les loyers.
1533840	1535240	Mais sur la bouffe dans les supermarchés,
1535240	1535980	tu n'es pas au courant.
1536320	1537680	Et tu acceptes un peu trop vite
1537680	1539380	que c'est vraiment beaucoup plus cher
1539380	1540780	que quand tu retournes Leclerc à Poitiers.
1541080	1541960	Je fais des vannes là-dessus.
1542080	1543980	Mais encore, on n'est même pas genre en Martinique.
1544020	1544280	Ils fais des boités.
1544620	1545340	Ouais, ben oui, oui.
1545360	1546000	C'est abusé là-bas.
1546320	1548880	Ouais, mais ils le savent.
1549420	1550200	Ils se battent, ils le savent.
1550340	1552160	À Paris, on accepte comme des merdes.
1552280	1553060	C'est vrai que...
1553060	1553520	C'est juste ça.
1553560	1554960	Vu qu'il n'y a que des petits supermarchés,
1555020	1556100	on accepte les prix en fin.
1556100	1557780	Et tu fais des boités tous les deux jours
1557780	1558300	au lieu de fin.
1558300	1558740	Est-ce que c'est vraiment plus cher ?
1558740	1559200	Je n'ai pas l'impression.
1559340	1560180	Si, si, c'est ouf.
1560220	1560540	Ah ouais ?
1560540	1561560	Mais c'est ouf.
1561660	1562120	Et les prix,
1562380	1563540	mais tu as des dingueries.
1563560	1564020	Ah ouais ?
1564020	1565180	Tu as des filles qui avanent 8 euros.
1565480	1566120	Carrefour...
1566120	1566660	Carrefour, je ne sais pas.
1566760	1567520	Franprix, Monoprix.
1567740	1567900	Oui.
1568060	1568720	Ah oui, non mais oui.
1568780	1569180	C'est le strike.
1569200	1570000	Mais il y a des Carrefour ici
1570000	1570760	que moi que je prends en Uber Eats,
1570820	1571820	c'est les mêmes prix sensiblement.
1572380	1573200	Tu ne fais pas tes courses.
1573880	1574860	Là, évidemment...
1574860	1575420	Ça me revient moins cher.
1575420	1576420	C'est l'idol qui est vraiment moins cher.
1576420	1576700	Parce que je ne suis pas à Franprix.
1576760	1578160	C'est le bâton pour me faire battre.
1578680	1579360	Donc allez-y.
1579780	1580240	À cœur joie.
1580500	1581160	Mais...
1581160	1582920	Le savon.
1582920	1586600	Le savon liquide en grande bouteille.
1586720	1587460	Moi, j'aime bien le...
1587460	1587860	Sanex.
1587980	1588820	J'aime bien le Sanex.
1588920	1589080	OK.
1589320	1589940	C'est trop cher.
1590040	1591040	C'est 7 euros.
1591160	1592200	Alors que littéralement,
1592280	1592940	ça a été prouvé,
1593340	1595560	c'est vraiment 95% d'eau le machin.
1595560	1596340	Mais fais-le toi-même.
1596440	1596920	Oui, je sais.
1596920	1598300	C'est là où il nous baisse.
1598300	1598580	Mais c'est très cher aussi.
1598820	1600480	Mais vraiment, objectivement,
1600580	1601140	il faut que j'arrête.
1601140	1603060	Et pourquoi tu ne prends pas les savons
1603060	1604100	dans les tournées ?
1604100	1604840	À chaque fois qu'on va à des hôtels,
1604880	1605280	il y a des savons.
1605440	1605740	C'est vrai.
1605920	1606560	Moi, je les braque tous.
1606680	1607140	Je les braque tous.
1607140	1607900	Il ne faut pas de tournées.
1610100	1611500	Je voulais me faire niquer sur un an
1611500	1612580	que je me suis fait niquer sur l'autre.
1612600	1613420	Je crois que je n'ai pas payé
1613420	1615960	un savon, un stylo ou un calepin
1615960	1617420	depuis une éternelle.
1617500	1618460	Attends, mais on paye des hôtels
1618460	1618900	une fortune.
1619020	1619880	On peut leur prendre les plus.
1619880	1620660	En plus, c'est fait pour ça.
1620820	1621540	Ah non, mais moi, je pique tout.
1621820	1622460	Ça, c'est déjà dit.
1622860	1623480	J'avais fait la moitié
1623480	1624800	de mon épisode du flotcast là-dessus.
1624880	1626000	J'ai encore des gens qui m'écrivent.
1626080	1627040	Je choure tout dans les hôtels.
1627140	1627440	Je prends tout.
1627820	1628740	S'il y a moyen de prendre la télé,
1628860	1629800	si elle se détache un peu,
1629880	1630440	je pars avec tout.
1630440	1631700	Elle fait un skier-t il y a longtemps aussi.
1631960	1632840	C'était au tout début.
1633140	1634280	C'est vrai que toi, tu n'es pas mal.
1634280	1635100	Moi aussi, j'ai fait un truc
1635100	1635960	sur les réceptionnistes.
1636100	1637280	C'est pour ça que tu es l'humoriste du peuple.
1637500	1639080	Avec la télé, le machin et tout.
1639560	1640340	L'humoriste du peuple,
1640500	1641640	quand tu vas aux 4 étoiles,
1641940	1642400	ce n'est pas peuple.
1642580	1644860	Je sais, mais tu as des thèmes
1644860	1646400	de terre à terre.
1646560	1647100	Ça, c'est cher.
1647460	1648180	C'est ça, ma vie.
1648420	1648880	J'aime bien.
1649440	1650840	Je ne suis pas né à Paris
1650840	1652420	dans l'artiste de Père Enroi
1652420	1653380	avec une écharpe.
1653760	1654680	On est dans le cliché.
1655080	1656760	Avec une écharpe.
1656760	1658220	Moi, j'ai mon coup de gueule
1658220	1661600	de mec pas content.
1661840	1662440	Alors, les trans,
1662540	1663460	ce n'est pas un truc qui est trop cher ?
1663460	1664140	Les transports.
1665060	1666360	Les trans, c'est trop cher.
1666540	1667340	Les transports.
1667580	1668820	Les trans, ça a pris un prix.
1668880	1669980	Les changements de sexe,
1670020	1670420	c'est trop cher.
1670540	1672500	La première classe à la SNCF,
1672800	1674780	la prise, en ce moment,
1675460	1676040	ne marche pas.
1676120	1676520	Non, mais attends.
1676920	1678300	La SNCF, le Wi-Fi.
1678520	1680600	Attends, on peut isoler le tout.
1680700	1681200	Il n'y a rien qui va.
1681780	1682900	Le Wi-Fi, ça s'est connu.
1683240	1684380	Mais là, c'est un nouveau truc.
1684600	1685300	C'est-à-dire que tu manges
1685300	1686340	et ça ne marche pas.
1686340	1686700	Non.
1687460	1688320	Jamais, ça ne marche jamais.
1688360	1688840	Pas jamais.
1689080	1690680	Mais ça m'est arrivé deux, trois fois.
1690820	1691360	Je n'ai pas de batterie.
1692000	1693740	L'autre jour, je commande du caviar.
1695260	1696160	Il n'y avait pas de caviar.
1696180	1696600	Pas très bon.
1697780	1698340	Mais ça,
1698540	1699220	ce n'est pas du belougage.
1699500	1700460	Tu es en train de dire
1700460	1704020	qu'avoir juste la prise,
1704400	1706340	c'est autant exigeant
1706340	1707260	que le caviar.
1707260	1707400	C'est que vous prenez
1707400	1708940	du temps de parole médiatique
1708940	1710620	pour mener des combats
1710620	1711920	qui sont
1711920	1712840	la prise en première,
1712940	1713240	elle ne marche pas.
1713960	1714440	Et la bière,
1714480	1714740	elle a la bière.
1714880	1715820	Je précise en première.
1715820	1717480	parce que je précise en première.
1717580	1718300	Le pape qui apporte
1718300	1719240	son soucien moral à Mayotte,
1719400	1720180	il est mieux que vous.
1720280	1720820	Le savon.
1721100	1722020	J'ai dit le savon,
1722120	1722720	monsieur Thévenot.
1722860	1723640	Tu payes plus cher.
1723640	1724460	C'est de la gueule.
1725180	1725860	Regarde vers Aubin.
1725960	1726740	Mais non, c'est son doigt.
1727180	1728340	C'est ma main.
1728540	1729080	C'est ma main.
1729200	1730500	C'est son doigt.
1730620	1731100	C'est ma main.
1731100	1732100	Vas-y, parle fort vers lui.
1732100	1732520	Je me suis lavé les mains.
1732700	1733320	Parle fort vers lui.
1733440	1734140	Il va donner son avis.
1734680	1735460	Parle fort vers lui.
1735740	1736080	C'est ma main.
1736080	1736600	C'est ma main.
1736880	1737600	Parle fort vers la main.
1737680	1738140	Non, mais ça va,
1738180	1739000	on ne va pas sentir les allées.
1739020	1739500	Ah, frérot,
1739580	1740040	tu pues de la gueule.
1740120	1740460	Tu pues de la gueule.
1740520	1741240	N'importe quoi.
1741820	1742820	Tu veux mener ton combat
1742820	1743620	pour la première ?
1743620	1744340	Peut-être la prise,
1744420	1744880	elle n'aime pas les gars
1744880	1745420	qui puent de la gueule.
1745820	1746500	Il ne pue pas.
1747040	1747920	Je ne pue pas de la gueule.
1748020	1748840	Je ne me suis pas de la gueule,
1748900	1749120	je te dis.
1749200	1749780	Je me suis lavé les dents
1749780	1750280	comme tout le monde.
1750280	1751040	Tu sais, dans Titof,
1751100	1751860	il y avait un gars qui puait
1751860	1752460	Puduc.
1752900	1753560	C'était Puduc.
1753980	1754880	Attends, tu parles, toi.
1755200	1756800	Tu fais deux minutes de sport.
1757000	1757820	Tu puisses de la gueule.
1757920	1758460	Moi, ça transpire.
1758700	1760020	C'est bon, chacun son état.
1760180	1761140	Comment il a trop le saut ?
1761140	1761740	Parce qu'il puge la gueule.
1761760	1762640	Je ne me suis pas de la gueule,
1762860	1764280	mais c'est mes mains,
1764340	1764620	je te dis.
1765360	1765920	Oh, Puduc.
1766120	1766420	Mes mains.
1766580	1767080	Et vomite-toi.
1767280	1767500	Regarde.
1768500	1769280	Mais ça, c'est le savon.
1769420	1770040	Donc toi, ça te repousse.
1770280	1771700	Mais ça ne sent pas bon.
1772780	1773820	Qu'est-ce que je voulais dire ?
1773820	1774720	Oui, j'ai précisé première
1774720	1775660	parce que c'est plus...
1780280	1781000	de prise électrique.
1781060	1782100	Mais ça, c'est la question.
1782260	1783520	Est-ce que c'est un truc d'enculé
1783520	1785300	de dire ce truc-là
1785300	1787440	que j'ai payé cher ne marche pas ?
1787440	1788100	Mais c'est normal
1788100	1788920	quand on a payé cher
1788920	1789940	de dire qu'au moins
1789940	1790760	c'est censé marcher.
1790840	1791860	Ce n'est pas un coup de gueule du peuple.
1791940	1792680	Mais il a raison de dire
1792680	1793320	que pour le coup,
1793400	1794380	c'est quand même des prix scandaleux
1794380	1794780	en première.
1795740	1796880	Et si ça ne marche pas,
1796920	1797200	c'est abusé.
1797200	1798640	C'est deux fois le prix.
1799100	1799780	Des fois, il te déboîte.
1799960	1800180	Non, non.
1800260	1800920	Des fois, ce n'est pas cher.
1801420	1802000	Mais il y a des lignes.
1802080	1802860	Genre moi, quand j'entre à Poitiers
1802860	1803700	vu que c'est la ligne Bordeaux,
1804020	1804800	c'est la ligne des gens
1804800	1805580	qui font Paris-Bordeaux
1805580	1806040	tout le temps.
1806560	1807020	Tu peux y aller.
1807300	1808260	Tu peux bombarder l'oseille.
1809080	1810080	Tu te fais déboîter des fois.
1810180	1810740	Et des prix un petit peu.
1810740	1811160	Et maintenant, il y a
1811160	1811960	Ouigo classique.
1812280	1813580	C'est moins cher,
1813860	1814460	mais c'est plus long.
1815160	1816060	Vous qui avez le temps
1816060	1816800	qui ne bossez pas,
1817240	1817660	vous vous mettez
1817660	1818380	dans le Ouigo classique.
1818460	1819020	Tu ne connais pas ça ?
1819020	1820440	Je connais bien le Ouigo.
1820720	1822160	Non, le Ouigo classique.
1822480	1823600	Parce qu'il y a le Ouigo déjà.
1824300	1826780	Le Ouigo qui est un TGV,
1827320	1827680	mais genre,
1827840	1828780	tiens, on n'a pas besoin
1828780	1829680	de trop te respecter
1829680	1830400	vu que ce n'est pas cher.
1830640	1831560	Mais il y a le Ouigo classique
1831560	1832280	où c'est des vieux trains
1832280	1832960	et genre, je ne sais pas,
1833680	1834780	Paris-Nantes, c'est deux heures.
1834940	1835060	Et bien,
1835060	1835580	au Ouigo classique,
1835640	1836200	c'est 4h30.
1836700	1837440	Moi, je suis habitué
1837440	1838420	avec Clairement Paris
1838420	1838860	qui a toujours fait
1838860	1839460	trois heures et demie.
1839880	1840620	Ouais, c'est dégueulasse.
1841200	1841540	Allons-y.
1841760	1842740	Il y a Davidson, d'ailleurs.
1843160	1843840	Oh, ben Davidson,
1844060	1844300	il est allé.
1844320	1845400	Davidson ?
1845400	1847780	Il cherche des trucs.
1847900	1848240	Il est en train de jouer
1848240	1848560	à la suite.
1848580	1849360	On a un ingé son
1849360	1849940	et lumière
1849940	1850920	et caméra
1850920	1851980	qui n'est plus derrière la caméra.
1852440	1852740	Parce que je vois
1852740	1853140	une caméra
1853140	1853900	qui est plus rouge, là.
1854280	1854560	Ça se trouve,
1854620	1855040	ça ne filme plus
1855040	1855440	depuis un moment.
1857100	1858060	Non, mais là, à droite, là.
1858080	1858600	Mais à chaque fois
1858600	1859400	qu'il voit du pas rouge,
1859520	1859760	c'est bon.
1859820	1860700	Ah, ça filme aussi.
1860800	1861680	Ouais, Franjo, il est du.
1862160	1862860	On ne sait jamais,
1862940	1863380	on ne sait jamais.
1863800	1864040	Davidson,
1864220	1864940	il était tranquillement
1864940	1865860	dans ce petit Mario Kart.
1866120	1867140	Moi, quand tu n'es pas là,
1867160	1867520	je m'inquiète.
1868080	1868820	Tu parles vers le bain,
1868880	1869280	on t'a dit, toi.
1869620	1870520	Arrête, c'est pas...
1870520	1871600	Parles vers le bain, mon gars.
1871600	1872380	Ça se trouve, c'est toi, mec.
1872420	1873060	Mais non, c'est toi.
1873140	1875340	Et d'ailleurs, mec...
1875340	1876220	Pourquoi tu ne me crois pas ?
1876220	1876960	Mais c'est ouf
1876960	1877600	qu'ils ne veuillent pas me croire.
1877600	1878460	Tu pues, tu pues.
1878660	1879240	Regarde du bain.
1879480	1880820	Parce que je pense
1880820	1881760	que ça vient de toi, mec.
1881760	1882500	Non, tu pues de la gueule.
1882520	1883180	Tu te sens toi-même.
1883560	1884340	C'est une odeur chelou.
1884420	1885060	Je pense que c'est toi.
1885060	1885860	C'est une odeur profonde.
1886160	1888120	C'est le savon bizarre, je pense.
1888200	1889000	Oui, c'est sûr.
1889560	1890120	Parce que ça a vu,
1890180	1890600	oui, je suis d'accord.
1891080	1892380	Mais Franjo, il est propre.
1892880	1894360	Tu dois être propre de l'extérieur
1894360	1894900	et à l'intérieur,
1895000	1895460	c'est pourri que c'est pourri.
1895700	1896420	Arrête, Pierre.
1896620	1897440	C'est désagréable.
1897540	1897720	Bête.
1897720	1900220	T'avais qu'à me pas lire
1900220	1901040	la chronique de mon spectacle.
1901260	1903060	La rubrique critique de mon spectacle.
1903300	1904280	T'es tellement prêt
1904280	1904820	pour être parent.
1905580	1905980	J'ai bien aimé
1905980	1906680	ton petit ton, là.
1907480	1908480	Pierre, c'est désagréable.
1908720	1910320	Est-ce qu'on peut élever le débat,
1910440	1911700	s'il vous plaît ?
1911700	1912440	Élever le débat.
1912880	1913400	Oui, voilà,
1913440	1914000	c'était mon coup de gueule.
1914120	1914760	C'était que parfois,
1915080	1916120	la prise électrique ne marche pas.
1916200	1917080	Après, chacun son truc.
1917900	1918500	Tu peux gueuler,
1918640	1919180	c'est la SNCF.
1919200	1919840	Ça, c'est du combat.
1920740	1922480	Écoute, t'en as d'autres ?
1922480	1922980	En ce moment,
1923900	1924720	qu'est-ce qu'objectif ?
1924720	1925540	C'est sur l'écologie,
1925540	1926220	mais ça ne sert à rien.
1927580	1929240	Ah, j'en ai déjà parlé,
1929360	1929880	mais effectivement,
1930420	1930960	tout ce qui est
1930960	1932180	healthy, bio,
1932580	1933260	restaurant vegan,
1933580	1934040	ils savent,
1934220	1935120	c'est exactement la ligne
1935120	1935820	Paris-Bordeaux,
1935960	1936880	ils savent que les gens
1936880	1937680	qui sont dans ce délire
1937680	1938540	ont souvent de l'argent.
1939200	1939780	Donc, en fait,
1940080	1940980	c'est doublement mal
1940980	1941880	de mettre les trucs très chers
1941880	1942760	parce qu'ils savent
1942760	1944000	qu'en fait,
1944060	1944900	ils profitent du fait
1944900	1945880	que c'est beaucoup des riches
1945880	1946380	qui font ça
1946380	1947800	et ils empêchent les pauvres
1947800	1948120	de le faire
1948120	1949040	en mettant des prix scandaleux.
1949140	1950120	Les restaurants vegan,
1950480	1951000	je l'ai déjà dit,
1951300	1952160	je peux soutenir un petit peu
1952160	1952500	le combat.
1952980	1953760	Vos prix, les gars,
1953760	1954720	c'est foutage de gueule.
1954820	1955580	C'est foutage de gueule.
1955760	1956100	Et souvent,
1956220	1957340	c'est surcoté aussi.
1957540	1958120	C'est-à-dire qu'en gros,
1958520	1959100	c'est comme tous les trucs
1959100	1959580	de communauté,
1959700	1960400	les restaurants cachers,
1960640	1961220	etc.,
1961220	1962900	quand c'est très halal,
1962980	1964120	cachers et vegan,
1964480	1965000	c'est surcoté
1965000	1965440	parce que les gens
1965440	1966480	sont soutenus par la communauté
1966480	1967060	et du coup,
1967140	1967640	tu arrives à un truc
1967640	1969400	où tu as 4,9 et 300 avis
1969400	1969940	et en fait,
1970040	1970960	tu arrives et c'est du plat.
1971200	1971580	Ah oui,
1971640	1972760	parce que c'est les copains
1972760	1973080	qui ont dit
1973080	1973720	que c'était super.
1973960	1974240	Bah oui.
1974600	1975540	Après, la bouffe vegan,
1976020	1977020	c'est dur d'emmener des gens
1977020	1977980	qu'on n'a jamais mangé,
1978060	1978680	des impressionnés.
1978760	1979180	Non, mais il y a des trucs
1979180	1979360	très bons.
1979360	1980220	Moi, je les ai tous faits.
1980440	1980660	Je sais.
1980920	1981520	Au Japon,
1981640	1982200	je suis allé manger
1982200	1984020	avec mon pote Ilias
1984020	1984820	que je salue
1984820	1986920	des Onokomiyaki,
1987020	1987340	je ne sais pas quoi,
1987400	1988300	des trucs avec...
1988300	1988920	Ouais, mais c'est avec des oeufs
1988920	1989400	normalement ça.
1989580	1990560	Ouais, c'était végétarien
1990560	1991480	et c'était du plâtre
1991480	1993200	alors que c'était 4,9
1993200	1994400	et plus de 600 avis
1994400	1995240	parce que tous les gens
1995240	1995440	étaient allés
1995440	1995940	ouais, enfin,
1996040	1996560	c'est végétarien
1996560	1997340	mais c'est dégueulasse.
1997360	1998420	Non, non, mais Onomiyaki,
1998600	1999560	c'est très connu au Japon.
1999860	2000300	Onomiyaki.
2000500	2001100	Ouais, c'est ça.
2001500	2002400	Ouais, et après...
2002400	2003120	Est-ce que c'est parce que
2003120	2003760	le gars, il faisait bien
2003760	2004360	devant toi ?
2004360	2004800	Non, non, mais en fait,
2004840	2005120	le problème,
2005200	2005600	c'est qu'il n'y avait pas
2005600	2006140	de gluten aussi
2006140	2006920	parce que parfois,
2007020	2008180	les gens qui disent
2008180	2008600	végétarien,
2008660	2009180	ils se sentent obligés
2009180	2009760	de mettre sans gluten.
2010140	2010640	Ils n'étaient pas obligés.
2011000	2011780	Du coup, c'était horrible
2011780	2012540	et après, je suis allé manger
2012540	2013600	un vrai Onomiyaki.
2013600	2014760	Mon Dieu, sans gluten,
2015000	2016260	ça ne vous rappelle rien ?
2016260	2017240	C'est quoi, sans gluten ?
2017240	2018500	J'ai des retours là,
2018660	2018820	mais moi,
2018980	2020060	là, Tos parlait de lui
2020060	2020460	qui pue,
2020460	2021140	mais moi,
2021200	2022360	j'ai donné des cauchemars.
2022720	2023660	Le train qu'on a pris
2023660	2024280	pour l'île
2024280	2025460	avec la fille
2025460	2026480	de Django
2026480	2027200	qu'on embrasse
2027200	2028080	qui nous explique
2028080	2028900	à mon chien,
2029280	2029680	peut-être,
2029820	2030740	il va un peu péter.
2031140	2032700	Il nous a tués.
2033160	2034660	Les gens qui ont des chiens
2034660	2035440	et qui pètent
2035440	2036740	et votre propre wagon,
2037200	2038620	votre propre terre même,
2038700	2040320	votre propre univers.
2040840	2041820	Elle a dit
2041820	2042720	bon, il pète un peu.
2043300	2043760	Il est...
2043760	2044080	Et après,
2044160	2045100	il a pété pendant deux heures.
2045300	2045360	C'est bon,
2045420	2046480	elle a mené un beau combat.
2046660	2047600	C'est qu'on était en première.
2047780	2048120	Donc, elle a dit
2048120	2048400	mon chien,
2048480	2049040	je vais l'emmener péter
2049040	2049500	sur les riches.
2049500	2051580	Il y avait un petit combat.
2052060	2053020	On embrasse Django
2053020	2053660	qui pète le charpé.
2053660	2053780	Voilà,
2053940	2054300	elle a dit
2054300	2056120	bon, il est un petit peu
2056120	2057180	allergique au gluten
2057180	2058100	et ce week-end,
2058200	2058520	apparemment,
2058600	2059140	il a douffé
2059140	2060460	des sacs de gluten entiers.
2060600	2061540	Il nous a tués.
2061580	2062300	C'est vrai que c'était ouf.
2062780	2063600	On aurait pu changer de place.
2063920	2064840	J'étais à deux doigts.
2064980	2065140	Tu vois,
2065200	2065480	en ce moment,
2065560	2066460	on est vraiment à ça
2066460	2067060	de prendre un chien
2067060	2067840	avec ma meuf
2067840	2068180	et là,
2068260	2069280	ça m'a vraiment...
2069280	2070460	Ça m'a rappelé
2070460	2071080	que les chiens y puent.
2071280	2071660	Ah, vas-y,
2071720	2072620	tu veux prendre quoi comme chien ?
2072620	2072760	Allez,
2072940	2073420	petit déballé.
2073420	2073820	Moi, j'ai envie
2073820	2074440	d'un Jack Russell.
2074460	2074780	Pour info,
2074860	2075740	c'était un charpé.
2075820	2075980	Oui,
2076040	2076320	un charpé,
2076400	2077240	les trucs un peu flippés.
2077680	2077820	Voilà,
2078000	2078500	et j'aime bien,
2078660	2079120	c'est mignon.
2079420	2080140	C'est-à-dire que ça a tellement
2080140	2080580	de plis,
2080660	2080920	j'ai l'impression
2080920	2081600	qu'ils ne voient pas bien
2081600	2082300	ce que ça les applique.
2082580	2083440	C'est drôle.
2083480	2084100	C'est doux en plus,
2084180	2084320	un charpé.
2084320	2085620	C'est pour même pas sentir
2085620	2086800	ses propres proutes.
2087400	2087880	C'est terrible.
2088020	2088420	C'est terrible.
2088640	2089420	C'est doux à toucher.
2091100	2091880	Ça doit être un truc
2091880	2092300	très gentil.
2092360	2092920	J'aimerais bien avoir
2092920	2093500	un Jack Russell,
2093620	2093720	moi.
2093720	2094380	je suis très fan.
2094660	2095460	Parce que c'est pas trop grand,
2095520	2095940	pas trop petit.
2096060	2096940	Ils sont souvent très mignons.
2097660	2098980	Un carlin ?
2098980	2099160	Non,
2099260	2099580	un carlin,
2099640	2100020	je déteste.
2100520	2100880	Le gars,
2100940	2101100	il te dit
2101100	2101500	j'aimerais avoir
2101500	2102300	un Jack Russell ?
2102300	2103940	Un carlin ?
2103940	2105120	Quel rapport ?
2105120	2106460	Je demande à un carlin
2106460	2107460	si tu as bien
2107460	2108380	Mais c'est quoi le rapport ?
2108380	2109560	C'est une autre espèce.
2109760	2110860	Ça ne ressemble pas du tout ?
2110860	2111280	Non,
2111700	2112420	j'aime bien les carlins.
2114220	2114460	En fait,
2114540	2114720	c'est ça.
2114760	2114860	Lui,
2114920	2115420	il est pas de casse.
2115480	2116280	Dès que ce n'est pas un sujet,
2116480	2117120	c'est son sujet.
2117580	2118360	Je ne connais pas.
2119240	2119820	Jack Russell,
2120080	2120600	si c'est le chien,
2120600	2121180	je masque.
2121280	2121520	Voilà,
2121920	2122700	il faut parler comme ça.
2123140	2124020	C'est vrai qu'en 10 ans,
2124260	2124880	ce un carlin,
2124980	2125340	il voulait dire
2125340	2126020	ta gueule,
2126100	2126580	je m'en rends,
2126640	2127360	on va venir plutôt
2127360	2127940	à mon truc à moi.
2128200	2128340	Alors,
2128440	2128960	mais dans ça,
2129160	2130100	tu vois,
2130440	2132380	d'où t'aimes les carlins ?
2132380	2132600	Déjà,
2132700	2133440	tu sais qu'ils ne vont pas bien.
2133460	2134380	Parce qu'ils sont moches.
2134960	2135100	Ah,
2135120	2135700	ils sont moches,
2135820	2136620	on peut le dire.
2136680	2137260	C'est tout doux.
2137420	2137560	Et puis,
2137600	2138500	ils n'arrivent pas à respirer.
2138920	2139200	Puis,
2139280	2139660	tu sais qu'ils sont
2139660	2140660	en détresse respiratoire
2140660	2141180	permanente,
2141280	2141540	ces chiens.
2141700	2141880	En fait,
2141980	2142680	c'est vraiment
2142680	2143680	une expérience
2143680	2144260	parce qu'ils déconnaient
2144260	2144600	ces chiens.
2144880	2145120	En fait,
2145180	2145760	ça anime en moi
2145760	2146720	ce syndrome
2146720	2148960	de l'infirmier.
2149720	2149800	Oui,
2149840	2150480	ils ne sont pas bien.
2150560	2151560	Tu veux les sauver ?
2151560	2151700	Oui.
2152240	2152420	Moi,
2152440	2153080	j'aime bien les chiens
2153080	2153780	solides,
2153900	2154320	genre,
2154800	2155620	je peux compter sur lui.
2156060	2156540	Moi aussi,
2156600	2157020	mais à Paris,
2157140	2157260	bon.
2158020	2158440	Les gamins,
2158520	2159140	ils prennent des huskies
2159140	2159360	et tout.
2159720	2159980	Maintenant,
2160080	2160980	il y a les spitz nains,
2161060	2161840	c'est vraiment la mode.
2162100	2162660	Spitz nains,
2162760	2163680	c'est genre le chihuahua,
2163760	2164160	c'est ça ?
2164160	2164960	Je crois que c'est un truc
2164960	2165940	un peu touffu,
2166160	2167880	c'est les chiens de connasse.
2167960	2169180	Truc qu'il a...
2169180	2169460	Alex,
2169540	2170020	c'est ça ?
2170020	2170180	Oui.
2170540	2171400	C'est un spitz nain ?
2171400	2171700	Alex,
2171820	2172340	tu me connasse.
2173980	2174220	Non,
2174300	2174840	mais les huskies,
2175100	2175280	genre,
2175380	2175900	ce qu'elle a eu,
2176000	2177340	il y a le gros chien blanc.
2177400	2178120	Le Samoyed.
2178140	2178340	Magnifique.
2179300	2179660	Sagomède.
2179900	2180340	Sagomède.
2180560	2180840	Samoyed.
2181120	2181280	Oui,
2181440	2181760	c'est ça.
2181940	2182340	Samoyed.
2182620	2182900	Magnifique.
2183140	2183340	C'est câlin,
2183400	2183580	câlin.
2183720	2184000	Photo,
2184360	2185020	je te montre
2185020	2185860	ce que c'est.
2185980	2187160	T'as ça à la maison,
2187300	2188300	ça te flingue tout par contre.
2188400	2188520	Oui,
2188620	2189860	j'ai un pote qui a un husky,
2190700	2193200	il est très proche de son husky,
2193720	2194800	donc le husky va dans la chambre
2194800	2195080	et tout.
2195800	2196760	J'ai dormi une fois là-bas,
2196840	2197560	il y a des poils dans le lit.
2197840	2198540	C'est ça en fait,
2198620	2199480	c'est ce que j'avais oublié.
2199920	2201800	Ce charpé m'a bien rappelé
2201800	2204980	qu'un chien change toute l'odeur
2204980	2205460	de ta maison.
2206260	2207900	Les gens qui ne puent pas,
2208020	2208520	c'est...
2208520	2210160	Claude.
2210160	2210180	Claude.
2210180	2210300	Claude.
2210680	2210940	Claude.
2210940	2211040	Claude.
2211500	2212140	Surtout un petit truc.
2212160	2213420	Ou alors tu le mets vraiment
2213420	2214340	dans un truc à côté.
2214700	2214980	Non,
2215080	2217220	c'est une fois par semaine
2217220	2217680	un toiletteur,
2217720	2217880	je ne sais pas.
2218340	2218500	Oui,
2218560	2219440	mais tu le mets dans un garage
2219440	2220120	avec une niche.
2220840	2221500	J'avais oublié ce truc.
2221520	2221880	Ils ne rentrent jamais.
2222420	2222700	Après,
2222700	2223020	nous,
2223580	2224340	quand ça pue chez toi,
2224420	2225140	souvent tu ne le sais plus.
2225520	2226380	Je ne sais pas le savoir.
2226660	2226940	Exactement.
2227020	2227540	Tu ne t'en rends plus compte.
2227760	2228040	En fait,
2228740	2230160	ça va très rapidement.
2230400	2231280	Le cerveau humain
2231280	2232320	est bien fait
2232320	2233080	ou mal fait là-dessus.
2233180	2233440	Mais en vrai,
2233520	2234280	si tu rentres dans un endroit
2234280	2234620	qui pue,
2234700	2235080	au bout d'un moment,
2235160	2235640	tu t'habitues,
2235720	2236200	ça devient...
2236200	2237440	C'est comme le bruit blanc
2237440	2238080	pour les mecs,
2238160	2238440	tu sais,
2238520	2239640	qui font du montage son.
2240060	2240160	Tu sais,
2240200	2240920	il faut un bruit blanc.
2241420	2241740	Après,
2241800	2242580	c'est ta nouvelle base
2242580	2242960	et après,
2243120	2243500	le reste,
2243640	2244100	ce n'est pas du bruit.
2244500	2245260	L'odeur,
2245340	2245600	c'est pareil,
2245600	2246620	tu finis par t'adapter.
2246960	2247380	Et ça,
2247460	2247600	en fait,
2247640	2248240	ce truc qui pue,
2248280	2249160	ça devient le truc normal
2249160	2249800	et c'est le reste
2249800	2251020	qui est différent.
2251580	2252180	Mais c'est vrai
2252180	2253220	qu'on rentre chez toi,
2253620	2253880	après,
2253980	2254820	si vous n'aimez pas les gens,
2255000	2255260	c'est bien.
2255500	2256060	C'est pas mal.
2256700	2257120	Mais moi,
2257160	2258060	je n'aurais pas d'animaux de compagnie,
2258140	2258520	c'est trop chiant.
2259380	2260320	C'est une charge mentale.
2261160	2262160	Tu n'auras pas d'enfant alors ?
2262160	2262580	Tu n'es pas prêt
2262580	2263100	pour le lever les gosses ?
2263100	2263560	Pour l'instant,
2263620	2264860	j'aime trop ma liberté.
2265680	2266040	Oh putain,
2266100	2266680	il ne faut l'emparer.
2267340	2268160	Mais vous n'auriez pas
2268160	2269600	la liberté de bouger.
2269600	2270780	Il a fait tout ça
2270780	2271300	juste pour dire
2271300	2272200	qu'il payait trop d'impôts.
2272400	2273400	Et le clip,
2273620	2274660	c'est juste des gens
2274660	2275260	qui lui prennent
2275260	2275880	tous ses objets.
2276040	2276280	Arrête.
2276440	2277040	Mais bien sûr.
2277140	2277680	Tu ne te rappelles pas ?
2277680	2278540	C'est parce qu'il a pris un contrôle,
2278660	2279560	il s'est fait déboîter.
2279720	2280020	Arrête.
2280140	2280420	Il a dit,
2280480	2281260	vas-y, vengeance.
2281520	2281840	Le clip,
2281940	2282900	c'est des gens dans le désert
2282900	2283640	qui font passer
2283640	2284800	tous les objets d'une maison.
2284820	2285740	Tu as un contrôleur des impôts
2285740	2286600	qui a la gueule cliché
2286600	2288600	du diable.
2289180	2289580	Ah putain,
2289640	2290540	c'est ça cette musique ?
2290540	2290760	Oui.
2291160	2291680	Vous n'aurez pas
2291680	2293280	ma liberté de quoi ?
2293280	2294020	De penser en plus.
2294020	2294520	Il a dit,
2294520	2295580	c'est juste
2295580	2296740	pour les impôts.
2297040	2298060	C'est juste qu'il n'a pas raqué
2298060	2298820	donc il s'est fait déboîter.
2299280	2299700	Ah oui ?
2299700	2300440	Vous pouvez tout prendre,
2300560	2301940	ma femme puis la télé.
2302540	2303600	Et vous ne l'aurez pas.
2304800	2305060	D'ailleurs,
2305300	2305740	Franjo,
2305820	2307020	il faut vraiment que tu...
2307020	2309700	Le rap tout des inconnus,
2309720	2310840	ça a défoncé
2310840	2311580	ma liberté de penser,
2311720	2312160	ça a défoncé.
2312300	2313060	C'est ton créneau,
2313140	2313880	on paye trop d'impôts.
2314200	2314920	Moi, je ne peux pas y aller.
2315000	2315760	Mais j'ai déjà fait un truc
2315760	2317320	qui a fonctionné.
2317400	2318340	Chanson, pas chance.
2318460	2320200	Parce qu'il faut le traiter
2320200	2321460	de manière nouvelle un peu.
2321500	2322020	Parce que tu as perdu
2322020	2322780	le contrôleur fiscal.
2322780	2324140	Non, parce que
2324140	2324820	je suis très clean
2324820	2325720	sur la fiscalité
2325720	2325980	et surtout,
2326060	2327260	je ne gagne pas beaucoup d'argent.
2328880	2332140	Je ne gagne pas beaucoup d'argent.
2332160	2333060	Il y a le détecteur de mensonges
2333060	2333440	qui fait tout.
2333480	2333720	Mais non,
2333760	2334720	c'est pourquoi je ne gagne pas
2334720	2335120	beaucoup d'argent
2335120	2336220	parce que je vis énormément
2336220	2338300	sur ma boîte
2338300	2339980	et que mon activité
2339980	2341140	coûte beaucoup d'argent
2341140	2341880	donc j'ai peu de recettes.
2341940	2342940	Oui, d'accord.
2343200	2343380	En fait,
2343440	2344220	tu en génères beaucoup
2344220	2345100	mais tu réinvestis tout.
2345360	2346200	Donc, techniquement,
2346280	2346840	pas beaucoup d'argent.
2347220	2347580	Techniquement,
2347780	2348200	peu d'argent.
2348520	2349640	Appelle ça
2349640	2350440	énormément.
2350780	2350900	Non,
2351040	2352120	appelle ça de l'optimisation
2352120	2352680	fiscale.
2352780	2353020	si tu veux,
2353400	2354400	mais je ne gagne pas énormément d'argent.
2354400	2355060	Il faut définitivement
2355060	2355860	que tu fasses ce sketch.
2356340	2357200	Tu vas...
2357200	2357540	Non, mais...
2357540	2358180	Non, mais c'est vrai.
2358860	2360020	J'ai un salaire
2360020	2362480	qui n'est pas dingue.
2362740	2363100	Voilà, c'est tout.
2363180	2363420	En fait,
2363460	2364440	je ne vois pas où ça...
2364440	2365620	Les sketchs qui ne marchent pas,
2365660	2366140	on ne les voit pas.
2366360	2366960	Je me souviens aussi
2366960	2367780	d'un truc de l'abajon.
2367920	2368060	En fait,
2368120	2369080	juste en France,
2369380	2370420	c'est vrai qu'on se fait cartonner.
2370820	2371860	C'est factuel
2371860	2372840	par rapport à d'autres pays.
2373060	2373140	Donc,
2373300	2373920	il faut y aller.
2373920	2374480	Moi,
2374480	2375100	ça ne me dérange pas.
2375220	2375900	Parce que les endroits
2375900	2376840	où on se fait finalement
2376840	2377700	le plus pompier,
2377900	2378480	c'est les endroits
2378480	2379020	où on est
2379020	2381040	le plus heureux,
2381080	2381340	finalement.
2381820	2383820	Là où il y a moins d'impôts,
2384080	2384360	finalement,
2384620	2385400	c'est la merde.
2385800	2386420	Alors là,
2386580	2388040	tu ne vas pas être...
2388040	2388640	Je suis content
2388640	2388940	parce que là,
2388980	2389500	c'est ta communauté
2389500	2390340	qui va te tomber dessus.
2390540	2391600	Parce qu'il y a beaucoup de...
2391600	2391820	Non,
2391880	2392300	mais moi,
2392380	2393260	je n'ai pas de communauté.
2393480	2394440	C'est juste si c'est logique
2394440	2395480	et factuel,
2395600	2396100	je vais le dire.
2396100	2396880	Il y a quand même
2396880	2397780	beaucoup de pays
2397780	2399280	qui payent moins d'impôts
2399280	2400080	techniquement
2400080	2402220	et qui ont quand même...
2402220	2403560	Je crois que...
2403560	2404620	La Suisse,
2404720	2406160	ce n'est pas moins fort ?
2406160	2406280	Non,
2406360	2407220	je crois que c'est hyper taxé.
2407400	2407920	Très, très fort.
2408220	2409020	Je crois que c'est hyper taxé.
2409120	2409220	Oui,
2409280	2409980	je crois que tu as quand même...
2409980	2410460	Après,
2410580	2411020	il y a des Français
2411020	2411660	qui vont se mettre
2411660	2412460	résidents fiscales là-bas,
2412580	2413480	donc ça doit valoir le coup.
2413920	2414040	Oui,
2414160	2414980	il faudrait vérifier ça.
2414980	2416100	Je crois que quand tu es sur place,
2416200	2416780	tu payes un an,
2416820	2417120	tu rack.
2417260	2418080	Je crois qu'il m'avait raconté
2418080	2418400	un Suisse.
2418720	2419480	Dites-nous en commentaire
2419480	2420040	ce qu'on est connecté.
2420040	2420480	En fait,
2420520	2421200	le discours que j'ai,
2421660	2422540	je suis très,
2422600	2423240	très pour l'imposition,
2423320	2423560	évidemment,
2423720	2425220	si c'est à bon escient
2425220	2426320	et que c'est bien utilisé.
2426400	2426660	Le problème,
2426780	2427540	c'est que quand tu vois
2427540	2429100	que Hidalgo,
2429140	2430080	elle part à Tahiti
2430080	2432940	avec l'argent de la mairie de Paris,
2433260	2434240	c'est relou, quoi.
2434500	2434820	Ça,
2434960	2435440	c'est relou,
2435500	2436140	mais c'est vraiment
2436140	2437500	dans l'ordre du symbole.
2437580	2438100	C'est un peu comme
2438100	2438900	quand les gens...
2438900	2439320	Mais attends,
2439420	2439780	il faut bien...
2439780	2439900	Non,
2439940	2440340	mais on est d'accord.
2440480	2440940	Il fallait qu'elle allait
2440940	2441800	voir un peu le soleil.
2443620	2443980	Moi,
2443980	2444380	je suis d'accord.
2444460	2444680	Pareil,
2444740	2446120	les retraites des premiers ministres
2446120	2446460	en ce moment.
2446640	2447420	On a quatre parents.
2447500	2447680	Oui,
2447820	2447900	non,
2447920	2448480	mais c'est terrible.
2448640	2448820	Tu te dis,
2448900	2449460	mais putain,
2449560	2451040	ils ont deux gardes du corps.
2451180	2452320	C'est genre 200 000 parents,
2452420	2452680	même plus.
2453560	2454240	On est d'accord,
2454360	2454660	en vrai,
2454840	2455280	mais pour moi,
2455360	2457680	c'est un peu le pendant inverse
2457680	2458600	des gens qui disent
2458600	2459280	que c'est les gens
2459280	2460040	qui grattent le RSA.
2460220	2460560	Tout ça,
2460920	2461300	c'est vrai.
2461480	2461900	Ces deux trucs,
2462040	2462320	c'est vrai.
2463780	2464060	Putain,
2464100	2464800	on était sur les chiens,
2464860	2465620	vous avez rebasculé.
2465640	2467140	Mais si on les prend globalement,
2467620	2468680	la part de ce que c'est
2468680	2470980	par rapport aux gens qui...
2470980	2471840	La fraude fiscale,
2471880	2472220	par exemple,
2472280	2472980	des grosses entreprises,
2472980	2473820	c'est que dalle.
2473940	2474860	C'est-à-dire que ça fait beau
2474860	2475920	de dire ça,
2476020	2476560	de dire...
2476560	2477760	Parce qu'on pourrait aussi tomber...
2477760	2477860	Oui,
2477960	2478060	voilà.
2478200	2479440	C'est deux gros symboles.
2479540	2480460	Mais entre plein de pauvres
2480460	2481380	qui grattent 200 euros
2481380	2482580	et des riches
2482580	2483420	qui se payent du homard,
2483760	2484200	c'est pas bien.
2484560	2485640	Mais la masse d'argent
2485640	2486160	que ça représente
2486160	2487000	par rapport à comment
2487000	2488580	vraiment juste taxer
2488580	2489480	les gens normales,
2489560	2490580	les grosses fraudes fiscales,
2491220	2491680	c'est pas...
2491680	2493060	C'est pas exactement...
2493060	2493700	Mais tu sais,
2493820	2494580	on pourrait être...
2494580	2495860	J'ai pas une idée précise
2495860	2496800	des chiffres,
2496860	2497020	etc.
2497160	2497400	Évidemment,
2497500	2498240	je pense que les entreprises
2498240	2499340	qui font de l'évasion fiscale,
2499340	2499860	il y en a...
2499860	2500600	C'est que quelque chose
2500600	2500920	sur lequel...
2500920	2502080	Il y a beaucoup de gens
2502080	2503080	qui bossent beaucoup là-dessus.
2503380	2503840	Oui, bien sûr.
2504260	2505280	Moi, je suis pas assez calé,
2505340	2505960	donc je le dis rien.
2506240	2506980	Moi, ce que je vois,
2507220	2508680	c'est que l'argent utilisé
2508680	2510100	de l'imposition,
2510300	2510560	parfois,
2510700	2512040	est juste mal utilisé
2512040	2512880	et c'est scandaleux.
2513000	2513440	Et en plus,
2513580	2514000	ça se voit,
2514140	2514780	donc c'est terrible.
2514880	2515480	Oui, quand ça se voit,
2515540	2515940	c'est trop bête.
2516100	2516740	Après...
2516740	2517500	Deux cartes du corps
2517500	2518140	pour barnier.
2519220	2520140	Ah mais attends,
2520500	2521000	il est en danger.
2521120	2522160	Il y a un chauffeur à vie.
2522200	2523100	Je pense qu'ils vont revoir
2523100	2523600	genre, tu sais,
2523680	2524200	période d'essai.
2524200	2525520	Si t'as fait premier ministre
2525520	2526040	moins de six mois,
2526260	2526620	il n'y a pas.
2526700	2527280	Eh bien non, c'est fini.
2527280	2527740	Voilà, j'avoue.
2528140	2529680	Et tu voudrais qu'on soit
2529680	2530620	dans l'excès inverse,
2530900	2531660	qui me fait un peu marrer,
2532160	2533740	mais des pays scandinaves
2533740	2534220	où genre,
2534360	2534960	il y a eu une ministre,
2535040	2535320	une fois,
2535540	2537160	elle n'a pas payé le métro
2537160	2538200	ou alors elle l'a payé...
2538200	2539040	Oui, oui, oui.
2539140	2540100	Genre, elle a utilisé
2540100	2542840	l'argent de l'État
2542840	2544440	pour payer un ticket de métro.
2544560	2545100	Bam, viré,
2545180	2545380	mon gars,
2545380	2545540	les gars,
2545580	2546440	ils ne rigolent pas du tout.
2547000	2548160	Zéro, tolérance zéro.
2548700	2550060	Là, il y a des opposés.
2550360	2550780	Oui, c'est vrai.
2550780	2551340	Mais en vrai,
2551380	2552740	je préfère les pays scandinaves.
2553080	2554940	Je pense que c'est...
2554940	2555780	À terme, c'est mieux.
2556740	2557520	Là, quand même,
2558000	2559280	ça ne me ferait pas marrer
2559280	2559920	de voir un ministre
2559920	2561300	te faire taper pour 1,80€,
2561460	2562480	mais quand même,
2562600	2563480	ça va quand même vous faire marrer.
2563600	2565040	En fait, c'est juste le symbole.
2565820	2566420	Je pense que, ouais,
2566560	2567700	c'est pareil,
2567800	2569040	quand tu vois que c'est...
2569040	2569940	Au Vietnam, par exemple,
2570060	2570900	les fraudes fiscales,
2570980	2572420	c'est puni de peine de mort, mec.
2574180	2576520	Ah, ça, ça, ça, ça calme.
2576760	2577560	Vas-y, Paris,
2577740	2578580	quand tu trembles,
2578620	2580060	quand tu fais ta feuille d'impôts,
2580060	2580520	parce que des fois,
2580760	2581380	tu plantes.
2581460	2582500	Des fois, honnêtement,
2582600	2583080	tu plantes.
2583740	2584840	C'est diffusé quand, là ?
2584840	2585300	Mi-janvier,
2585420	2586440	fin janvier, ouais.
2586620	2587200	Moi, je dis, là,
2587520	2588420	Berroux, il a déjà sauté.
2588940	2589320	Tip Paris.
2589640	2589940	Non, non,
2589940	2590900	il va rester trois mois minimum.
2591320	2591960	Non, je pense qu'il saute.
2592120	2592600	Si, si, sinon,
2592640	2593320	il ne touche pas la retraite.
2593580	2594880	Je pense qu'il peut sauter magique, là.
2594880	2595420	Ah, tu crois ?
2595420	2597380	Non, mais parce qu'il ne va pas proposer
2597380	2597820	un nouveau budget trop tôt.
2597820	2598580	Il a posé le jet,
2598820	2599380	il a fait n'impe.
2599560	2600440	Le jet, c'était pas...
2600440	2602240	Jet pour revenir à peau.
2602240	2603360	Putain, c'est la vente.
2603660	2605060	Putain, je vais le balancer en ligne, là.
2605560	2605840	Vas-y.
2606340	2607180	Tue, tue, tue.
2607480	2608140	En même temps,
2608580	2609220	quand on sait
2609220	2610400	comment c'est précaire,
2610480	2611040	Premier ministre,
2611200	2611540	moi aussi,
2611600	2612700	je garderai mon deuxième emploi.
2613100	2613300	Tu vois,
2613400	2614040	il est maire de peau,
2614080	2614660	il ne va pas le lâcher.
2614800	2615380	Il sait qu'il va sauter
2615380	2616040	en premier ministre.
2617160	2617720	Non, mais je veux dire,
2617760	2618860	je comprends qu'il n'est pas sauté.
2618860	2619120	T'as 6 000 par mois.
2619500	2620140	Et pourquoi, nous,
2620360	2621380	quand tu bosses à Pôle emploi,
2621560	2621980	quand tu bosses,
2622060	2623440	si tu as fait deux ans,
2623700	2624640	tu as deux ans de chômage.
2625160	2626240	Pourquoi tu n'as pas avis ?
2626240	2627740	Ils ne sont pas à thune à vie ?
2627740	2627920	Si.
2628540	2629260	Mais c'est ça, le scandale.
2629380	2629560	Ah oui.
2629980	2630540	Ça, ce n'est pas juste.
2630640	2630880	Et voilà.
2631300	2632220	Et c'est beaucoup d'argent.
2632460	2633540	Moi, j'ai ramassé du melon
2633540	2634100	pendant trois mois.
2634240	2634860	J'ai eu trois mois de chômage.
2634940	2635740	Je peux dire que je les ai mérités,
2635820	2636020	mon gars.
2637000	2637320	Putain.
2637880	2638540	Ah, j'ai envie de mettre
2638540	2639100	un gilet jaune.
2639180	2639900	C'est vrai que ça devrait être
2639900	2640380	casser les gueules.
2640400	2640880	C'est pas héros,
2640980	2642260	mais il est revenu d'où, lui ?
2642260	2643520	Mais il est trop fort, mon gars.
2643600	2644000	C'est le boss.
2644280	2645000	Il a dit, là, il y a moyen.
2645460	2646000	Il y a moyen de mettre
2646000	2654900	dans le cul.
2655200	2656080	À la deuxième élection,
2656200	2656360	il lui a dit,
2656440	2657080	cette fois, c'est pour toi,
2657140	2657580	François.
2657880	2658400	Dans le cul.
2658740	2659660	Là, ça fait vraiment.
2659860	2660760	Il a dit, écoute, François.
2661180	2661820	C'est vraiment.
2662240	2663060	Mais là, c'est vraiment abusé.
2663080	2663820	C'est celui que j'attendais
2663820	2664220	depuis le début.
2664740	2665320	C'est vraiment le gars.
2665420	2666080	Il est sur le banc
2666080	2666780	pendant tout le match.
2666940	2667360	Il ne rentre jamais.
2667520	2668820	Là, il y a 17-0.
2668960	2669580	Il lui dit, écoute,
2669900	2670540	c'est le moment.
2670740	2671040	Vas-y.
2671620	2672640	En fait, là, tu vas juste
2672640	2673280	te faire défoncer.
2673480	2673960	Mais il met en plus.
2674060	2675020	Mais Barnier et Béraud,
2675100	2675700	après, c'est les mêmes.
2676040	2676320	Quatre.
2676480	2677240	Quatre en une année.
2677500	2678200	Du coup, vu qu'il est
2678200	2679960	juste avant 2024,
2680240	2680920	on a réussi à avoir
2680920	2681740	quatre premiers ministres
2681740	2681940	en un.
2681940	2682140	C'est beau.
2682180	2682780	Petit record.
2682980	2683340	C'est beau.
2684080	2684240	Bon.
2684480	2685960	Vous avez les quatre ?
2685960	2686620	Tu as les quatre ?
2686620	2688300	Alors, Attal, Barnier,
2688580	2689440	Bayrou et Borne.
2689620	2690160	Oui, bien joué.
2691920	2693120	Merci de nous avoir écoutés.
2693280	2693920	Podcast Sos.
2693960	2695660	Ça devient un podcast politique.
2695840	2696920	On se voit en live
2696920	2697880	en février.
2698600	2699540	Donc, on filme un dimanche
2699540	2700200	à 16h30.
2700520	2701420	Là, c'est la clignotée rouge,
2701480	2701860	par contre.
2702500	2703140	Je ne sais pas ce qui s'est passé,
2703200	2703820	mais c'est la clignotée rouge.
2704220	2705220	Donc, en live,
2705220	2706340	Podcast Sos,
2706640	2707140	février.
2707800	2708860	Donc, au République,
2708980	2709200	venez.
2709480	2710820	Merci à ceux qui mettent sur Tipeee.
2711000	2711620	Vous pouvez mettre sur Tipeee
2711620	2712100	pour nous aider.
2712220	2712500	Merci à vous.
2712500	2712520	Merci à vous.
2712520	2713260	L'argent partout.
2713340	2714180	Merci à ceux qui font
2714180	2714940	des trucs gratuits,
2715080	2716420	qui nous aident à savoir
2716420	2718300	commenter, liker, partager,
2718540	2719540	en parler à quelqu'un.
2719760	2720620	Tous ces trucs comptent.
2720740	2721220	Vous pensez que ça,
2721340	2722400	surtout sur les applis d'écoute,
2722480	2723000	surtout sur YouTube,
2723080	2723660	un petit pouce.
2723860	2724280	Exactement.
2724340	2724900	Qu'est-ce que ça coûte ?
2724900	2725520	Rien du tout.
2725840	2727340	Et ça augmente le reach.
2727620	2728280	Vous ne pouvez pas savoir
2728280	2728700	à quel point.
2729160	2729720	Donc, c'est des petits trucs
2729720	2729940	gratuits.
2729940	2731580	C'est quoi le petit mot à mettre
2731580	2732840	si vous êtes allés jusqu'au bout ?
2732840	2733620	Merci, Joseph.
2733640	2734580	Non, j'ai un truc à dire.
2736300	2737560	Pour checker s'il y a toujours
2737560	2738800	les gens en ligne,
2738940	2739460	je propose
2739460	2740500	Jean Lassalle,
2740740	2741440	Premier ministre.
2743540	2745000	C'est très...
2745000	2746800	Et les gens qui ne sont pas pour...
2746800	2747280	Mais ce n'est pas grave
2747280	2748040	parce qu'il est neutre.
2748140	2748820	Il est tellement marrant
2748820	2749220	que les gens...
2749220	2749740	Il fait des pubs.
2749760	2750600	Il y a des sujets
2750600	2751560	où il est pas neutre.
2751560	2752240	Frérot, je ne sais pas
2752240	2753280	s'il est neutre-neute maintenant.
2753800	2754720	Il se coupe la barbe
2754720	2755480	à l'opinel et tout.
2755560	2755860	C'est un génie.
2755940	2756720	Mais il est dans des films, là.
2756980	2757180	Oui.
2757180	2758960	Mais il fait des émissions et tout.
2759280	2759740	Alors, voilà.
2759900	2761200	Pour ceux qui veulent nous prouver
2761200	2762100	qui sont encore là,
2762340	2762680	Jean Lassalle,
2762740	2763120	Premier ministre,
2763180	2763720	en commentaire,
2764060	2764620	ça me fera plaisir.
2764880	2765860	C'est mon nez préféré,
2766080	2766360	je crois.
2766560	2767200	Si je devais déplacer
2767200	2768320	tous les nés de France.
2768700	2769060	Charpé.
2769320	2769940	Je ne vois plus les yeux.
2770280	2771700	C'est un peu charpé.
2772960	2773680	Voilà, mettez
2773680	2774120	Jean Lassalle,
2774180	2774500	Premier ministre
2774500	2775300	ou Jean Lassalle,
2775740	2776260	Charpé,
2776360	2776920	Premier ministre.
2777440	2778120	Salut tout le monde.
2778260	2778920	Salut, Podcastos.
2779140	2779440	A bientôt.
